freeze_id,plan_sha256,source_cohort_sha256,analysis_script_sha256,generated_at,model_id,model_role,predictor_set,sensitivity,algorithm,calibration_method,training_years,validation_year,population,n,events,non_events,event_rate,metric,estimate,ci_lower,ci_upper,bootstrap_requested,bootstrap_valid,random_seed,comparator,difference_direction,notes
REV1-20260827-c550d47d361b,e17faa968e38c7fc622349840d4b5f9f8cdbaafdefb4ec8af883a59d9b245b4b,c550d47d361b1fb3574d89de9ef6f0c1d53bd05125f7cbf85ca0c2b6a8c5e808,c4e299991ac26335258c6b0e19c85674b45cdae6e2ff1eaa1b6f0d283bf44b2c,2026-08-27T12:48:54+09:00,B,primary,reduced,primary,histogram gradient boosting,"isotonic, 3-fold training CV",2018-2021,2022,P_valid_2022,2074,529,1545,0.2550626808100289,roc_auc,0.7207321624118291,0.6948358165716707,0.7457890301401312,1000,1000,42,,,separate held-out-year evaluation
REV1-20260827-c550d47d361b,e17faa968e38c7fc622349840d4b5f9f8cdbaafdefb4ec8af883a59d9b245b4b,c550d47d361b1fb3574d89de9ef6f0c1d53bd05125f7cbf85ca0c2b6a8c5e808,c4e299991ac26335258c6b0e19c85674b45cdae6e2ff1eaa1b6f0d283bf44b2c,2026-08-27T12:48:54+09:00,B,primary,reduced,primary,histogram gradient boosting,"isotonic, 3-fold training CV",2018-2021,2022,P_valid_2022,2074,529,1545,0.2550626808100289,pr_auc,0.46812922344132274,0.42410414468859386,0.5141670600449136,1000,1000,42,,,separate held-out-year evaluation
REV1-20260827-c550d47d361b,e17faa968e38c7fc622349840d4b5f9f8cdbaafdefb4ec8af883a59d9b245b4b,c550d47d361b1fb3574d89de9ef6f0c1d53bd05125f7cbf85ca0c2b6a8c5e808,c4e299991ac26335258c6b0e19c85674b45cdae6e2ff1eaa1b6f0d283bf44b2c,2026-08-27T12:48:54+09:00,B,primary,reduced,primary,histogram gradient boosting,"isotonic, 3-fold training CV",2018-2021,2022,P_valid_2022,2074,529,1545,0.2550626808100289,brier_score,0.1678515738549918,0.15941716186288665,0.1761365350155702,1000,1000,42,,,separate held-out-year evaluation
REV1-20260827-c550d47d361b,e17faa968e38c7fc622349840d4b5f9f8cdbaafdefb4ec8af883a59d9b245b4b,c550d47d361b1fb3574d89de9ef6f0c1d53bd05125f7cbf85ca0c2b6a8c5e808,c4e299991ac26335258c6b0e19c85674b45cdae6e2ff1eaa1b6f0d283bf44b2c,2026-08-27T12:48:54+09:00,B,primary,reduced,primary,histogram gradient boosting,"isotonic, 3-fold training CV",2018-2021,2022,P_valid_2022,2074,529,1545,0.2550626808100289,calibration_slope,1.2653744624882188,1.089787327506159,1.4583521548346756,1000,1000,42,,,separate held-out-year evaluation
REV1-20260827-c550d47d361b,e17faa968e38c7fc622349840d4b5f9f8cdbaafdefb4ec8af883a59d9b245b4b,c550d47d361b1fb3574d89de9ef6f0c1d53bd05125f7cbf85ca0c2b6a8c5e808,c4e299991ac26335258c6b0e19c85674b45cdae6e2ff1eaa1b6f0d283bf44b2c,2026-08-27T12:48:54+09:00,B,primary,reduced,primary,histogram gradient boosting,"isotonic, 3-fold training CV",2018-2021,2022,P_valid_2022,2074,529,1545,0.2550626808100289,calibration_in_the_large,-0.1041015268191118,-0.21401880449913518,-0.005711665751941285,1000,1000,42,,,separate held-out-year evaluation
REV1-20260827-c550d47d361b,e17faa968e38c7fc622349840d4b5f9f8cdbaafdefb4ec8af883a59d9b245b4b,c550d47d361b1fb3574d89de9ef6f0c1d53bd05125f7cbf85ca0c2b6a8c5e808,c4e299991ac26335258c6b0e19c85674b45cdae6e2ff1eaa1b6f0d283bf44b2c,2026-08-27T12:48:54+09:00,B,primary,reduced,primary,histogram gradient boosting,"isotonic, 3-fold training CV",2018-2021,2023,P_valid_2023,2300,572,1728,0.24869565217391304,roc_auc,0.7059547801735302,0.682652120806191,0.7293185185502779,1000,1000,42,,,separate held-out-year evaluation
REV1-20260827-c550d47d361b,e17faa968e38c7fc622349840d4b5f9f8cdbaafdefb4ec8af883a59d9b245b4b,c550d47d361b1fb3574d89de9ef6f0c1d53bd05125f7cbf85ca0c2b6a8c5e808,c4e299991ac26335258c6b0e19c85674b45cdae6e2ff1eaa1b6f0d283bf44b2c,2026-08-27T12:48:54+09:00,B,primary,reduced,primary,histogram gradient boosting,"isotonic, 3-fold training CV",2018-2021,2023,P_valid_2023,2300,572,1728,0.24869565217391304,pr_auc,0.47825680554203953,0.43877822119852394,0.5193783710456269,1000,1000,42,,,separate held-out-year evaluation
REV1-20260827-c550d47d361b,e17faa968e38c7fc622349840d4b5f9f8cdbaafdefb4ec8af883a59d9b245b4b,c550d47d361b1fb3574d89de9ef6f0c1d53bd05125f7cbf85ca0c2b6a8c5e808,c4e299991ac26335258c6b0e19c85674b45cdae6e2ff1eaa1b6f0d283bf44b2c,2026-08-27T12:48:54+09:00,B,primary,reduced,primary,histogram gradient boosting,"isotonic, 3-fold training CV",2018-2021,2023,P_valid_2023,2300,572,1728,0.24869565217391304,brier_score,0.16618017468918067,0.1586410421763781,0.17413217069458437,1000,1000,42,,,separate held-out-year evaluation
REV1-20260827-c550d47d361b,e17faa968e38c7fc622349840d4b5f9f8cdbaafdefb4ec8af883a59d9b245b4b,c550d47d361b1fb3574d89de9ef6f0c1d53bd05125f7cbf85ca0c2b6a8c5e808,c4e299991ac26335258c6b0e19c85674b45cdae6e2ff1eaa1b6f0d283bf44b2c,2026-08-27T12:48:54+09:00,B,primary,reduced,primary,histogram gradient boosting,"isotonic, 3-fold training CV",2018-2021,2023,P_valid_2023,2300,572,1728,0.24869565217391304,calibration_slope,1.2524418144282619,1.092801497286035,1.4247975123117105,1000,1000,42,,,separate held-out-year evaluation
REV1-20260827-c550d47d361b,e17faa968e38c7fc622349840d4b5f9f8cdbaafdefb4ec8af883a59d9b245b4b,c550d47d361b1fb3574d89de9ef6f0c1d53bd05125f7cbf85ca0c2b6a8c5e808,c4e299991ac26335258c6b0e19c85674b45cdae6e2ff1eaa1b6f0d283bf44b2c,2026-08-27T12:48:54+09:00,B,primary,reduced,primary,histogram gradient boosting,"isotonic, 3-fold training CV",2018-2021,2023,P_valid_2023,2300,572,1728,0.24869565217391304,calibration_in_the_large,-0.1402805089712798,-0.23522806562276904,-0.044327243811115,1000,1000,42,,,separate held-out-year evaluation
REV1-20260827-c550d47d361b,e17faa968e38c7fc622349840d4b5f9f8cdbaafdefb4ec8af883a59d9b245b4b,c550d47d361b1fb3574d89de9ef6f0c1d53bd05125f7cbf85ca0c2b6a8c5e808,c4e299991ac26335258c6b0e19c85674b45cdae6e2ff1eaa1b6f0d283bf44b2c,2026-08-27T12:48:54+09:00,B,primary,expanded,comparator,histogram gradient boosting,"isotonic, 3-fold training CV",2018-2021,2022,P_valid_2022,2074,529,1545,0.2550626808100289,roc_auc,0.7256110020127126,0.7012595337421788,0.7507195586018652,1000,1000,42,,,separate held-out-year evaluation
REV1-20260827-c550d47d361b,e17faa968e38c7fc622349840d4b5f9f8cdbaafdefb4ec8af883a59d9b245b4b,c550d47d361b1fb3574d89de9ef6f0c1d53bd05125f7cbf85ca0c2b6a8c5e808,c4e299991ac26335258c6b0e19c85674b45cdae6e2ff1eaa1b6f0d283bf44b2c,2026-08-27T12:48:54+09:00,B,primary,expanded,comparator,histogram gradient boosting,"isotonic, 3-fold training CV",2018-2021,2022,P_valid_2022,2074,529,1545,0.2550626808100289,pr_auc,0.4750662133161042,0.43038323669090855,0.5203937467042601,1000,1000,42,,,separate held-out-year evaluation
REV1-20260827-c550d47d361b,e17faa968e38c7fc622349840d4b5f9f8cdbaafdefb4ec8af883a59d9b245b4b,c550d47d361b1fb3574d89de9ef6f0c1d53bd05125f7cbf85ca0c2b6a8c5e808,c4e299991ac26335258c6b0e19c85674b45cdae6e2ff1eaa1b6f0d283bf44b2c,2026-08-27T12:48:54+09:00,B,primary,expanded,comparator,histogram gradient boosting,"isotonic, 3-fold training CV",2018-2021,2022,P_valid_2022,2074,529,1545,0.2550626808100289,brier_score,0.1668756336509235,0.15827305893869245,0.175180153453271,1000,1000,42,,,separate held-out-year evaluation
REV1-20260827-c550d47d361b,e17faa968e38c7fc622349840d4b5f9f8cdbaafdefb4ec8af883a59d9b245b4b,c550d47d361b1fb3574d89de9ef6f0c1d53bd05125f7cbf85ca0c2b6a8c5e808,c4e299991ac26335258c6b0e19c85674b45cdae6e2ff1eaa1b6f0d283bf44b2c,2026-08-27T12:48:54+09:00,B,primary,expanded,comparator,histogram gradient boosting,"isotonic, 3-fold training CV",2018-2021,2022,P_valid_2022,2074,529,1545,0.2550626808100289,calibration_slope,1.223280916921925,1.060142860369485,1.4050681155525757,1000,1000,42,,,separate held-out-year evaluation
REV1-20260827-c550d47d361b,e17faa968e38c7fc622349840d4b5f9f8cdbaafdefb4ec8af883a59d9b245b4b,c550d47d361b1fb3574d89de9ef6f0c1d53bd05125f7cbf85ca0c2b6a8c5e808,c4e299991ac26335258c6b0e19c85674b45cdae6e2ff1eaa1b6f0d283bf44b2c,2026-08-27T12:48:54+09:00,B,primary,expanded,comparator,histogram gradient boosting,"isotonic, 3-fold training CV",2018-2021,2022,P_valid_2022,2074,529,1545,0.2550626808100289,calibration_in_the_large,-0.06374090576839946,-0.17244321240463117,0.03545291020594407,1000,1000,42,,,separate held-out-year evaluation
REV1-20260827-c550d47d361b,e17faa968e38c7fc622349840d4b5f9f8cdbaafdefb4ec8af883a59d9b245b4b,c550d47d361b1fb3574d89de9ef6f0c1d53bd05125f7cbf85ca0c2b6a8c5e808,c4e299991ac26335258c6b0e19c85674b45cdae6e2ff1eaa1b6f0d283bf44b2c,2026-08-27T12:48:54+09:00,B,primary,expanded,comparator,histogram gradient boosting,"isotonic, 3-fold training CV",2018-2021,2023,P_valid_2023,2300,572,1728,0.24869565217391304,roc_auc,0.7112926136363635,0.6878304680708032,0.7337816632939506,1000,1000,42,,,separate held-out-year evaluation
REV1-20260827-c550d47d361b,e17faa968e38c7fc622349840d4b5f9f8cdbaafdefb4ec8af883a59d9b245b4b,c550d47d361b1fb3574d89de9ef6f0c1d53bd05125f7cbf85ca0c2b6a8c5e808,c4e299991ac26335258c6b0e19c85674b45cdae6e2ff1eaa1b6f0d283bf44b2c,2026-08-27T12:48:54+09:00,B,primary,expanded,comparator,histogram gradient boosting,"isotonic, 3-fold training CV",2018-2021,2023,P_valid_2023,2300,572,1728,0.24869565217391304,pr_auc,0.4714918771088544,0.4301854255512456,0.5140633688453458,1000,1000,42,,,separate held-out-year evaluation
REV1-20260827-c550d47d361b,e17faa968e38c7fc622349840d4b5f9f8cdbaafdefb4ec8af883a59d9b245b4b,c550d47d361b1fb3574d89de9ef6f0c1d53bd05125f7cbf85ca0c2b6a8c5e808,c4e299991ac26335258c6b0e19c85674b45cdae6e2ff1eaa1b6f0d283bf44b2c,2026-08-27T12:48:54+09:00,B,primary,expanded,comparator,histogram gradient boosting,"isotonic, 3-fold training CV",2018-2021,2023,P_valid_2023,2300,572,1728,0.24869565217391304,brier_score,0.16583233850362444,0.15824369534069085,0.17401622188264942,1000,1000,42,,,separate held-out-year evaluation
REV1-20260827-c550d47d361b,e17faa968e38c7fc622349840d4b5f9f8cdbaafdefb4ec8af883a59d9b245b4b,c550d47d361b1fb3574d89de9ef6f0c1d53bd05125f7cbf85ca0c2b6a8c5e808,c4e299991ac26335258c6b0e19c85674b45cdae6e2ff1eaa1b6f0d283bf44b2c,2026-08-27T12:48:54+09:00,B,primary,expanded,comparator,histogram gradient boosting,"isotonic, 3-fold training CV",2018-2021,2023,P_valid_2023,2300,572,1728,0.24869565217391304,calibration_slope,1.1552398827161723,1.0050153243434985,1.3075691879538383,1000,1000,42,,,separate held-out-year evaluation
REV1-20260827-c550d47d361b,e17faa968e38c7fc622349840d4b5f9f8cdbaafdefb4ec8af883a59d9b245b4b,c550d47d361b1fb3574d89de9ef6f0c1d53bd05125f7cbf85ca0c2b6a8c5e808,c4e299991ac26335258c6b0e19c85674b45cdae6e2ff1eaa1b6f0d283bf44b2c,2026-08-27T12:48:54+09:00,B,primary,expanded,comparator,histogram gradient boosting,"isotonic, 3-fold training CV",2018-2021,2023,P_valid_2023,2300,572,1728,0.24869565217391304,calibration_in_the_large,-0.16752084715577267,-0.2637109118847107,-0.06440696187075476,1000,1000,42,,,separate held-out-year evaluation
REV1-20260827-c550d47d361b,e17faa968e38c7fc622349840d4b5f9f8cdbaafdefb4ec8af883a59d9b245b4b,c550d47d361b1fb3574d89de9ef6f0c1d53bd05125f7cbf85ca0c2b6a8c5e808,c4e299991ac26335258c6b0e19c85674b45cdae6e2ff1eaa1b6f0d283bf44b2c,2026-08-27T12:48:54+09:00,B,primary,reduced_without_reference,without_reference,histogram gradient boosting,"isotonic, 3-fold training CV",2018-2021,2022,P_valid_2022,2074,529,1545,0.2550626808100289,roc_auc,0.6861832486036425,0.6601467645732122,0.7150272633409264,1000,1000,42,,,separate held-out-year evaluation
REV1-20260827-c550d47d361b,e17faa968e38c7fc622349840d4b5f9f8cdbaafdefb4ec8af883a59d9b245b4b,c550d47d361b1fb3574d89de9ef6f0c1d53bd05125f7cbf85ca0c2b6a8c5e808,c4e299991ac26335258c6b0e19c85674b45cdae6e2ff1eaa1b6f0d283bf44b2c,2026-08-27T12:48:54+09:00,B,primary,reduced_without_reference,without_reference,histogram gradient boosting,"isotonic, 3-fold training CV",2018-2021,2022,P_valid_2022,2074,529,1545,0.2550626808100289,pr_auc,0.422869665960841,0.38004219694395164,0.4681268030865912,1000,1000,42,,,separate held-out-year evaluation
REV1-20260827-c550d47d361b,e17faa968e38c7fc622349840d4b5f9f8cdbaafdefb4ec8af883a59d9b245b4b,c550d47d361b1fb3574d89de9ef6f0c1d53bd05125f7cbf85ca0c2b6a8c5e808,c4e299991ac26335258c6b0e19c85674b45cdae6e2ff1eaa1b6f0d283bf44b2c,2026-08-27T12:48:54+09:00,B,primary,reduced_without_reference,without_reference,histogram gradient boosting,"isotonic, 3-fold training CV",2018-2021,2022,P_valid_2022,2074,529,1545,0.2550626808100289,brier_score,0.17428065040536384,0.16525117575734383,0.18273547251731886,1000,1000,42,,,separate held-out-year evaluation
REV1-20260827-c550d47d361b,e17faa968e38c7fc622349840d4b5f9f8cdbaafdefb4ec8af883a59d9b245b4b,c550d47d361b1fb3574d89de9ef6f0c1d53bd05125f7cbf85ca0c2b6a8c5e808,c4e299991ac26335258c6b0e19c85674b45cdae6e2ff1eaa1b6f0d283bf44b2c,2026-08-27T12:48:54+09:00,B,primary,reduced_without_reference,without_reference,histogram gradient boosting,"isotonic, 3-fold training CV",2018-2021,2022,P_valid_2022,2074,529,1545,0.2550626808100289,calibration_slope,1.1418098217058938,0.9616866760133577,1.3464090641546358,1000,1000,42,,,separate held-out-year evaluation
REV1-20260827-c550d47d361b,e17faa968e38c7fc622349840d4b5f9f8cdbaafdefb4ec8af883a59d9b245b4b,c550d47d361b1fb3574d89de9ef6f0c1d53bd05125f7cbf85ca0c2b6a8c5e808,c4e299991ac26335258c6b0e19c85674b45cdae6e2ff1eaa1b6f0d283bf44b2c,2026-08-27T12:48:54+09:00,B,primary,reduced_without_reference,without_reference,histogram gradient boosting,"isotonic, 3-fold training CV",2018-2021,2022,P_valid_2022,2074,529,1545,0.2550626808100289,calibration_in_the_large,-0.09143475917192664,-0.197745924818257,0.003765972713406358,1000,1000,42,,,separate held-out-year evaluation
REV1-20260827-c550d47d361b,e17faa968e38c7fc622349840d4b5f9f8cdbaafdefb4ec8af883a59d9b245b4b,c550d47d361b1fb3574d89de9ef6f0c1d53bd05125f7cbf85ca0c2b6a8c5e808,c4e299991ac26335258c6b0e19c85674b45cdae6e2ff1eaa1b6f0d283bf44b2c,2026-08-27T12:48:54+09:00,B,primary,reduced_without_reference,without_reference,histogram gradient boosting,"isotonic, 3-fold training CV",2018-2021,2023,P_valid_2023,2300,572,1728,0.24869565217391304,roc_auc,0.6863117351398601,0.6618390569862985,0.7098441060600059,1000,1000,42,,,separate held-out-year evaluation
REV1-20260827-c550d47d361b,e17faa968e38c7fc622349840d4b5f9f8cdbaafdefb4ec8af883a59d9b245b4b,c550d47d361b1fb3574d89de9ef6f0c1d53bd05125f7cbf85ca0c2b6a8c5e808,c4e299991ac26335258c6b0e19c85674b45cdae6e2ff1eaa1b6f0d283bf44b2c,2026-08-27T12:48:54+09:00,B,primary,reduced_without_reference,without_reference,histogram gradient boosting,"isotonic, 3-fold training CV",2018-2021,2023,P_valid_2023,2300,572,1728,0.24869565217391304,pr_auc,0.4404582916310702,0.4001051056668061,0.48452277394839505,1000,1000,42,,,separate held-out-year evaluation
REV1-20260827-c550d47d361b,e17faa968e38c7fc622349840d4b5f9f8cdbaafdefb4ec8af883a59d9b245b4b,c550d47d361b1fb3574d89de9ef6f0c1d53bd05125f7cbf85ca0c2b6a8c5e808,c4e299991ac26335258c6b0e19c85674b45cdae6e2ff1eaa1b6f0d283bf44b2c,2026-08-27T12:48:54+09:00,B,primary,reduced_without_reference,without_reference,histogram gradient boosting,"isotonic, 3-fold training CV",2018-2021,2023,P_valid_2023,2300,572,1728,0.24869565217391304,brier_score,0.170500514727467,0.16273151982901862,0.17828724593368517,1000,1000,42,,,separate held-out-year evaluation
REV1-20260827-c550d47d361b,e17faa968e38c7fc622349840d4b5f9f8cdbaafdefb4ec8af883a59d9b245b4b,c550d47d361b1fb3574d89de9ef6f0c1d53bd05125f7cbf85ca0c2b6a8c5e808,c4e299991ac26335258c6b0e19c85674b45cdae6e2ff1eaa1b6f0d283bf44b2c,2026-08-27T12:48:54+09:00,B,primary,reduced_without_reference,without_reference,histogram gradient boosting,"isotonic, 3-fold training CV",2018-2021,2023,P_valid_2023,2300,572,1728,0.24869565217391304,calibration_slope,1.1956921499217463,1.0276579687423746,1.3680159623586599,1000,1000,42,,,separate held-out-year evaluation
REV1-20260827-c550d47d361b,e17faa968e38c7fc622349840d4b5f9f8cdbaafdefb4ec8af883a59d9b245b4b,c550d47d361b1fb3574d89de9ef6f0c1d53bd05125f7cbf85ca0c2b6a8c5e808,c4e299991ac26335258c6b0e19c85674b45cdae6e2ff1eaa1b6f0d283bf44b2c,2026-08-27T12:48:54+09:00,B,primary,reduced_without_reference,without_reference,histogram gradient boosting,"isotonic, 3-fold training CV",2018-2021,2023,P_valid_2023,2300,572,1728,0.24869565217391304,calibration_in_the_large,-0.13519747206308141,-0.2308242144546628,-0.03998869331050499,1000,1000,42,,,separate held-out-year evaluation
REV1-20260827-c550d47d361b,e17faa968e38c7fc622349840d4b5f9f8cdbaafdefb4ec8af883a59d9b245b4b,c550d47d361b1fb3574d89de9ef6f0c1d53bd05125f7cbf85ca0c2b6a8c5e808,c4e299991ac26335258c6b0e19c85674b45cdae6e2ff1eaa1b6f0d283bf44b2c,2026-08-27T12:48:54+09:00,B,primary,reduced_minus_expanded,paired_difference,histogram gradient boosting,"isotonic, 3-fold training CV",2018-2021,2022,P_valid_2022,2074,529,1545,0.2550626808100289,roc_auc,-0.004878839600883422,-0.013669425475009328,0.0046788759007797545,1000,1000,42,expanded,reduced minus expanded,paired article-level bootstrap
REV1-20260827-c550d47d361b,e17faa968e38c7fc622349840d4b5f9f8cdbaafdefb4ec8af883a59d9b245b4b,c550d47d361b1fb3574d89de9ef6f0c1d53bd05125f7cbf85ca0c2b6a8c5e808,c4e299991ac26335258c6b0e19c85674b45cdae6e2ff1eaa1b6f0d283bf44b2c,2026-08-27T12:48:54+09:00,B,primary,reduced_minus_expanded,paired_difference,histogram gradient boosting,"isotonic, 3-fold training CV",2018-2021,2022,P_valid_2022,2074,529,1545,0.2550626808100289,pr_auc,-0.006936989874781474,-0.02154759732889728,0.010874085816465593,1000,1000,42,expanded,reduced minus expanded,paired article-level bootstrap
REV1-20260827-c550d47d361b,e17faa968e38c7fc622349840d4b5f9f8cdbaafdefb4ec8af883a59d9b245b4b,c550d47d361b1fb3574d89de9ef6f0c1d53bd05125f7cbf85ca0c2b6a8c5e808,c4e299991ac26335258c6b0e19c85674b45cdae6e2ff1eaa1b6f0d283bf44b2c,2026-08-27T12:48:54+09:00,B,primary,reduced_minus_expanded,paired_difference,histogram gradient boosting,"isotonic, 3-fold training CV",2018-2021,2022,P_valid_2022,2074,529,1545,0.2550626808100289,brier_score,0.0009759402040682985,-0.0008542994135237042,0.0026621480525237176,1000,1000,42,expanded,reduced minus expanded,paired article-level bootstrap
REV1-20260827-c550d47d361b,e17faa968e38c7fc622349840d4b5f9f8cdbaafdefb4ec8af883a59d9b245b4b,c550d47d361b1fb3574d89de9ef6f0c1d53bd05125f7cbf85ca0c2b6a8c5e808,c4e299991ac26335258c6b0e19c85674b45cdae6e2ff1eaa1b6f0d283bf44b2c,2026-08-27T12:48:54+09:00,B,primary,reduced_minus_expanded,paired_difference,histogram gradient boosting,"isotonic, 3-fold training CV",2018-2021,2022,P_valid_2022,2074,529,1545,0.2550626808100289,calibration_slope,0.042093545566293855,-0.024522290763090246,0.11812852284666164,1000,1000,42,expanded,reduced minus expanded,paired article-level bootstrap
REV1-20260827-c550d47d361b,e17faa968e38c7fc622349840d4b5f9f8cdbaafdefb4ec8af883a59d9b245b4b,c550d47d361b1fb3574d89de9ef6f0c1d53bd05125f7cbf85ca0c2b6a8c5e808,c4e299991ac26335258c6b0e19c85674b45cdae6e2ff1eaa1b6f0d283bf44b2c,2026-08-27T12:48:54+09:00,B,primary,reduced_minus_expanded,paired_difference,histogram gradient boosting,"isotonic, 3-fold training CV",2018-2021,2022,P_valid_2022,2074,529,1545,0.2550626808100289,calibration_in_the_large,-0.04036062105071235,-0.05142381221560389,-0.02937527739711188,1000,1000,42,expanded,reduced minus expanded,paired article-level bootstrap
REV1-20260827-c550d47d361b,e17faa968e38c7fc622349840d4b5f9f8cdbaafdefb4ec8af883a59d9b245b4b,c550d47d361b1fb3574d89de9ef6f0c1d53bd05125f7cbf85ca0c2b6a8c5e808,c4e299991ac26335258c6b0e19c85674b45cdae6e2ff1eaa1b6f0d283bf44b2c,2026-08-27T12:48:54+09:00,B,primary,reduced_without_reference_minus_reduced,paired_difference,histogram gradient boosting,"isotonic, 3-fold training CV",2018-2021,2022,P_valid_2022,2074,529,1545,0.2550626808100289,roc_auc,-0.03454891380818659,-0.05062946907211167,-0.018543507976643635,1000,1000,42,reduced,reduced_without_reference minus reduced,paired article-level bootstrap
REV1-20260827-c550d47d361b,e17faa968e38c7fc622349840d4b5f9f8cdbaafdefb4ec8af883a59d9b245b4b,c550d47d361b1fb3574d89de9ef6f0c1d53bd05125f7cbf85ca0c2b6a8c5e808,c4e299991ac26335258c6b0e19c85674b45cdae6e2ff1eaa1b6f0d283bf44b2c,2026-08-27T12:48:54+09:00,B,primary,reduced_without_reference_minus_reduced,paired_difference,histogram gradient boosting,"isotonic, 3-fold training CV",2018-2021,2022,P_valid_2022,2074,529,1545,0.2550626808100289,pr_auc,-0.045259557480481716,-0.0680466378147101,-0.022389438531513844,1000,1000,42,reduced,reduced_without_reference minus reduced,paired article-level bootstrap
REV1-20260827-c550d47d361b,e17faa968e38c7fc622349840d4b5f9f8cdbaafdefb4ec8af883a59d9b245b4b,c550d47d361b1fb3574d89de9ef6f0c1d53bd05125f7cbf85ca0c2b6a8c5e808,c4e299991ac26335258c6b0e19c85674b45cdae6e2ff1eaa1b6f0d283bf44b2c,2026-08-27T12:48:54+09:00,B,primary,reduced_without_reference_minus_reduced,paired_difference,histogram gradient boosting,"isotonic, 3-fold training CV",2018-2021,2022,P_valid_2022,2074,529,1545,0.2550626808100289,brier_score,0.0064290765503720315,0.0037825641993084864,0.008978782269772103,1000,1000,42,reduced,reduced_without_reference minus reduced,paired article-level bootstrap
REV1-20260827-c550d47d361b,e17faa968e38c7fc622349840d4b5f9f8cdbaafdefb4ec8af883a59d9b245b4b,c550d47d361b1fb3574d89de9ef6f0c1d53bd05125f7cbf85ca0c2b6a8c5e808,c4e299991ac26335258c6b0e19c85674b45cdae6e2ff1eaa1b6f0d283bf44b2c,2026-08-27T12:48:54+09:00,B,primary,reduced_without_reference_minus_reduced,paired_difference,histogram gradient boosting,"isotonic, 3-fold training CV",2018-2021,2022,P_valid_2022,2074,529,1545,0.2550626808100289,calibration_slope,-0.12356464078232499,-0.23287295168557146,-0.008991652393877421,1000,1000,42,reduced,reduced_without_reference minus reduced,paired article-level bootstrap
REV1-20260827-c550d47d361b,e17faa968e38c7fc622349840d4b5f9f8cdbaafdefb4ec8af883a59d9b245b4b,c550d47d361b1fb3574d89de9ef6f0c1d53bd05125f7cbf85ca0c2b6a8c5e808,c4e299991ac26335258c6b0e19c85674b45cdae6e2ff1eaa1b6f0d283bf44b2c,2026-08-27T12:48:54+09:00,B,primary,reduced_without_reference_minus_reduced,paired_difference,histogram gradient boosting,"isotonic, 3-fold training CV",2018-2021,2022,P_valid_2022,2074,529,1545,0.2550626808100289,calibration_in_the_large,0.012666767647185162,-0.004044503359596112,0.02877366774920612,1000,1000,42,reduced,reduced_without_reference minus reduced,paired article-level bootstrap
REV1-20260827-c550d47d361b,e17faa968e38c7fc622349840d4b5f9f8cdbaafdefb4ec8af883a59d9b245b4b,c550d47d361b1fb3574d89de9ef6f0c1d53bd05125f7cbf85ca0c2b6a8c5e808,c4e299991ac26335258c6b0e19c85674b45cdae6e2ff1eaa1b6f0d283bf44b2c,2026-08-27T12:48:54+09:00,B,primary,reduced_minus_expanded,paired_difference,histogram gradient boosting,"isotonic, 3-fold training CV",2018-2021,2023,P_valid_2023,2300,572,1728,0.24869565217391304,roc_auc,-0.005337833462833341,-0.01430679812646377,0.0036811293199824104,1000,1000,42,expanded,reduced minus expanded,paired article-level bootstrap
REV1-20260827-c550d47d361b,e17faa968e38c7fc622349840d4b5f9f8cdbaafdefb4ec8af883a59d9b245b4b,c550d47d361b1fb3574d89de9ef6f0c1d53bd05125f7cbf85ca0c2b6a8c5e808,c4e299991ac26335258c6b0e19c85674b45cdae6e2ff1eaa1b6f0d283bf44b2c,2026-08-27T12:48:54+09:00,B,primary,reduced_minus_expanded,paired_difference,histogram gradient boosting,"isotonic, 3-fold training CV",2018-2021,2023,P_valid_2023,2300,572,1728,0.24869565217391304,pr_auc,0.006764928433185158,-0.010274412526342386,0.022247758194975483,1000,1000,42,expanded,reduced minus expanded,paired article-level bootstrap
REV1-20260827-c550d47d361b,e17faa968e38c7fc622349840d4b5f9f8cdbaafdefb4ec8af883a59d9b245b4b,c550d47d361b1fb3574d89de9ef6f0c1d53bd05125f7cbf85ca0c2b6a8c5e808,c4e299991ac26335258c6b0e19c85674b45cdae6e2ff1eaa1b6f0d283bf44b2c,2026-08-27T12:48:54+09:00,B,primary,reduced_minus_expanded,paired_difference,histogram gradient boosting,"isotonic, 3-fold training CV",2018-2021,2023,P_valid_2023,2300,572,1728,0.24869565217391304,brier_score,0.0003478361855562273,-0.0013949246958849235,0.0021336498250933097,1000,1000,42,expanded,reduced minus expanded,paired article-level bootstrap
REV1-20260827-c550d47d361b,e17faa968e38c7fc622349840d4b5f9f8cdbaafdefb4ec8af883a59d9b245b4b,c550d47d361b1fb3574d89de9ef6f0c1d53bd05125f7cbf85ca0c2b6a8c5e808,c4e299991ac26335258c6b0e19c85674b45cdae6e2ff1eaa1b6f0d283bf44b2c,2026-08-27T12:48:54+09:00,B,primary,reduced_minus_expanded,paired_difference,histogram gradient boosting,"isotonic, 3-fold training CV",2018-2021,2023,P_valid_2023,2300,572,1728,0.24869565217391304,calibration_slope,0.09720193171208957,0.03108128729171696,0.1636977649949393,1000,1000,42,expanded,reduced minus expanded,paired article-level bootstrap
REV1-20260827-c550d47d361b,e17faa968e38c7fc622349840d4b5f9f8cdbaafdefb4ec8af883a59d9b245b4b,c550d47d361b1fb3574d89de9ef6f0c1d53bd05125f7cbf85ca0c2b6a8c5e808,c4e299991ac26335258c6b0e19c85674b45cdae6e2ff1eaa1b6f0d283bf44b2c,2026-08-27T12:48:54+09:00,B,primary,reduced_minus_expanded,paired_difference,histogram gradient boosting,"isotonic, 3-fold training CV",2018-2021,2023,P_valid_2023,2300,572,1728,0.24869565217391304,calibration_in_the_large,0.027240338184492868,0.016124245975883005,0.03844286619089841,1000,1000,42,expanded,reduced minus expanded,paired article-level bootstrap
REV1-20260827-c550d47d361b,e17faa968e38c7fc622349840d4b5f9f8cdbaafdefb4ec8af883a59d9b245b4b,c550d47d361b1fb3574d89de9ef6f0c1d53bd05125f7cbf85ca0c2b6a8c5e808,c4e299991ac26335258c6b0e19c85674b45cdae6e2ff1eaa1b6f0d283bf44b2c,2026-08-27T12:48:54+09:00,B,primary,reduced_without_reference_minus_reduced,paired_difference,histogram gradient boosting,"isotonic, 3-fold training CV",2018-2021,2023,P_valid_2023,2300,572,1728,0.24869565217391304,roc_auc,-0.019643045033670092,-0.033956483885878457,-0.0057040951088302835,1000,1000,42,reduced,reduced_without_reference minus reduced,paired article-level bootstrap
REV1-20260827-c550d47d361b,e17faa968e38c7fc622349840d4b5f9f8cdbaafdefb4ec8af883a59d9b245b4b,c550d47d361b1fb3574d89de9ef6f0c1d53bd05125f7cbf85ca0c2b6a8c5e808,c4e299991ac26335258c6b0e19c85674b45cdae6e2ff1eaa1b6f0d283bf44b2c,2026-08-27T12:48:54+09:00,B,primary,reduced_without_reference_minus_reduced,paired_difference,histogram gradient boosting,"isotonic, 3-fold training CV",2018-2021,2023,P_valid_2023,2300,572,1728,0.24869565217391304,pr_auc,-0.037798513910969334,-0.05720564117607137,-0.018355720719468328,1000,1000,42,reduced,reduced_without_reference minus reduced,paired article-level bootstrap
REV1-20260827-c550d47d361b,e17faa968e38c7fc622349840d4b5f9f8cdbaafdefb4ec8af883a59d9b245b4b,c550d47d361b1fb3574d89de9ef6f0c1d53bd05125f7cbf85ca0c2b6a8c5e808,c4e299991ac26335258c6b0e19c85674b45cdae6e2ff1eaa1b6f0d283bf44b2c,2026-08-27T12:48:54+09:00,B,primary,reduced_without_reference_minus_reduced,paired_difference,histogram gradient boosting,"isotonic, 3-fold training CV",2018-2021,2023,P_valid_2023,2300,572,1728,0.24869565217391304,brier_score,0.004320340038286324,0.0020448219654205743,0.006572962649139619,1000,1000,42,reduced,reduced_without_reference minus reduced,paired article-level bootstrap
REV1-20260827-c550d47d361b,e17faa968e38c7fc622349840d4b5f9f8cdbaafdefb4ec8af883a59d9b245b4b,c550d47d361b1fb3574d89de9ef6f0c1d53bd05125f7cbf85ca0c2b6a8c5e808,c4e299991ac26335258c6b0e19c85674b45cdae6e2ff1eaa1b6f0d283bf44b2c,2026-08-27T12:48:54+09:00,B,primary,reduced_without_reference_minus_reduced,paired_difference,histogram gradient boosting,"isotonic, 3-fold training CV",2018-2021,2023,P_valid_2023,2300,572,1728,0.24869565217391304,calibration_slope,-0.05674966450651553,-0.15315864282793837,0.03857668746529748,1000,1000,42,reduced,reduced_without_reference minus reduced,paired article-level bootstrap
REV1-20260827-c550d47d361b,e17faa968e38c7fc622349840d4b5f9f8cdbaafdefb4ec8af883a59d9b245b4b,c550d47d361b1fb3574d89de9ef6f0c1d53bd05125f7cbf85ca0c2b6a8c5e808,c4e299991ac26335258c6b0e19c85674b45cdae6e2ff1eaa1b6f0d283bf44b2c,2026-08-27T12:48:54+09:00,B,primary,reduced_without_reference_minus_reduced,paired_difference,histogram gradient boosting,"isotonic, 3-fold training CV",2018-2021,2023,P_valid_2023,2300,572,1728,0.24869565217391304,calibration_in_the_large,0.005083036908198391,-0.01016476726157337,0.01923628171938902,1000,1000,42,reduced,reduced_without_reference minus reduced,paired article-level bootstrap
REV1-20260827-c550d47d361b,e17faa968e38c7fc622349840d4b5f9f8cdbaafdefb4ec8af883a59d9b245b4b,c550d47d361b1fb3574d89de9ef6f0c1d53bd05125f7cbf85ca0c2b6a8c5e808,c4e299991ac26335258c6b0e19c85674b45cdae6e2ff1eaa1b6f0d283bf44b2c,2026-08-27T12:48:54+09:00,A,secondary,reduced,primary,histogram gradient boosting,"isotonic, 3-fold training CV",2018-2021,2022,P_valid_2022,2074,211,1863,0.1017357762777242,roc_auc,0.799158214468332,0.7675018812663156,0.8272784432651202,1000,1000,42,,,separate held-out-year evaluation
REV1-20260827-c550d47d361b,e17faa968e38c7fc622349840d4b5f9f8cdbaafdefb4ec8af883a59d9b245b4b,c550d47d361b1fb3574d89de9ef6f0c1d53bd05125f7cbf85ca0c2b6a8c5e808,c4e299991ac26335258c6b0e19c85674b45cdae6e2ff1eaa1b6f0d283bf44b2c,2026-08-27T12:48:54+09:00,A,secondary,reduced,primary,histogram gradient boosting,"isotonic, 3-fold training CV",2018-2021,2022,P_valid_2022,2074,211,1863,0.1017357762777242,pr_auc,0.308290276246084,0.26055189869533796,0.3735118406843212,1000,1000,42,,,separate held-out-year evaluation
REV1-20260827-c550d47d361b,e17faa968e38c7fc622349840d4b5f9f8cdbaafdefb4ec8af883a59d9b245b4b,c550d47d361b1fb3574d89de9ef6f0c1d53bd05125f7cbf85ca0c2b6a8c5e808,c4e299991ac26335258c6b0e19c85674b45cdae6e2ff1eaa1b6f0d283bf44b2c,2026-08-27T12:48:54+09:00,A,secondary,reduced,primary,histogram gradient boosting,"isotonic, 3-fold training CV",2018-2021,2022,P_valid_2022,2074,211,1863,0.1017357762777242,brier_score,0.0806266707603675,0.07216468645516962,0.08938542786327645,1000,1000,42,,,separate held-out-year evaluation
REV1-20260827-c550d47d361b,e17faa968e38c7fc622349840d4b5f9f8cdbaafdefb4ec8af883a59d9b245b4b,c550d47d361b1fb3574d89de9ef6f0c1d53bd05125f7cbf85ca0c2b6a8c5e808,c4e299991ac26335258c6b0e19c85674b45cdae6e2ff1eaa1b6f0d283bf44b2c,2026-08-27T12:48:54+09:00,A,secondary,reduced,primary,histogram gradient boosting,"isotonic, 3-fold training CV",2018-2021,2022,P_valid_2022,2074,211,1863,0.1017357762777242,calibration_slope,1.1892081714073333,1.0112906848340049,1.3749538798539587,1000,1000,42,,,separate held-out-year evaluation
REV1-20260827-c550d47d361b,e17faa968e38c7fc622349840d4b5f9f8cdbaafdefb4ec8af883a59d9b245b4b,c550d47d361b1fb3574d89de9ef6f0c1d53bd05125f7cbf85ca0c2b6a8c5e808,c4e299991ac26335258c6b0e19c85674b45cdae6e2ff1eaa1b6f0d283bf44b2c,2026-08-27T12:48:54+09:00,A,secondary,reduced,primary,histogram gradient boosting,"isotonic, 3-fold training CV",2018-2021,2022,P_valid_2022,2074,211,1863,0.1017357762777242,calibration_in_the_large,-0.014102075961122763,-0.16076484851554365,0.12849733586775033,1000,1000,42,,,separate held-out-year evaluation
REV1-20260827-c550d47d361b,e17faa968e38c7fc622349840d4b5f9f8cdbaafdefb4ec8af883a59d9b245b4b,c550d47d361b1fb3574d89de9ef6f0c1d53bd05125f7cbf85ca0c2b6a8c5e808,c4e299991ac26335258c6b0e19c85674b45cdae6e2ff1eaa1b6f0d283bf44b2c,2026-08-27T12:48:54+09:00,A,secondary,reduced,primary,histogram gradient boosting,"isotonic, 3-fold training CV",2018-2021,2023,P_valid_2023,2300,238,2062,0.10347826086956521,roc_auc,0.8130252100840336,0.7856961257697709,0.8404622598566616,1000,1000,42,,,separate held-out-year evaluation
REV1-20260827-c550d47d361b,e17faa968e38c7fc622349840d4b5f9f8cdbaafdefb4ec8af883a59d9b245b4b,c550d47d361b1fb3574d89de9ef6f0c1d53bd05125f7cbf85ca0c2b6a8c5e808,c4e299991ac26335258c6b0e19c85674b45cdae6e2ff1eaa1b6f0d283bf44b2c,2026-08-27T12:48:54+09:00,A,secondary,reduced,primary,histogram gradient boosting,"isotonic, 3-fold training CV",2018-2021,2023,P_valid_2023,2300,238,2062,0.10347826086956521,pr_auc,0.3802688004956081,0.31956309473010014,0.4510462115382258,1000,1000,42,,,separate held-out-year evaluation
REV1-20260827-c550d47d361b,e17faa968e38c7fc622349840d4b5f9f8cdbaafdefb4ec8af883a59d9b245b4b,c550d47d361b1fb3574d89de9ef6f0c1d53bd05125f7cbf85ca0c2b6a8c5e808,c4e299991ac26335258c6b0e19c85674b45cdae6e2ff1eaa1b6f0d283bf44b2c,2026-08-27T12:48:54+09:00,A,secondary,reduced,primary,histogram gradient boosting,"isotonic, 3-fold training CV",2018-2021,2023,P_valid_2023,2300,238,2062,0.10347826086956521,brier_score,0.078344249341046,0.07038745179774712,0.08704436587171308,1000,1000,42,,,separate held-out-year evaluation
REV1-20260827-c550d47d361b,e17faa968e38c7fc622349840d4b5f9f8cdbaafdefb4ec8af883a59d9b245b4b,c550d47d361b1fb3574d89de9ef6f0c1d53bd05125f7cbf85ca0c2b6a8c5e808,c4e299991ac26335258c6b0e19c85674b45cdae6e2ff1eaa1b6f0d283bf44b2c,2026-08-27T12:48:54+09:00,A,secondary,reduced,primary,histogram gradient boosting,"isotonic, 3-fold training CV",2018-2021,2023,P_valid_2023,2300,238,2062,0.10347826086956521,calibration_slope,1.3844521969454677,1.2154114062510766,1.5849521045745514,1000,1000,42,,,separate held-out-year evaluation
REV1-20260827-c550d47d361b,e17faa968e38c7fc622349840d4b5f9f8cdbaafdefb4ec8af883a59d9b245b4b,c550d47d361b1fb3574d89de9ef6f0c1d53bd05125f7cbf85ca0c2b6a8c5e808,c4e299991ac26335258c6b0e19c85674b45cdae6e2ff1eaa1b6f0d283bf44b2c,2026-08-27T12:48:54+09:00,A,secondary,reduced,primary,histogram gradient boosting,"isotonic, 3-fold training CV",2018-2021,2023,P_valid_2023,2300,238,2062,0.10347826086956521,calibration_in_the_large,-0.03187665552844531,-0.1790828504809629,0.1001684605638393,1000,1000,42,,,separate held-out-year evaluation
REV1-20260827-c550d47d361b,e17faa968e38c7fc622349840d4b5f9f8cdbaafdefb4ec8af883a59d9b245b4b,c550d47d361b1fb3574d89de9ef6f0c1d53bd05125f7cbf85ca0c2b6a8c5e808,c4e299991ac26335258c6b0e19c85674b45cdae6e2ff1eaa1b6f0d283bf44b2c,2026-08-27T12:48:54+09:00,A,secondary,expanded,comparator,histogram gradient boosting,"isotonic, 3-fold training CV",2018-2021,2022,P_valid_2022,2074,211,1863,0.1017357762777242,roc_auc,0.8060001068449452,0.7744071449279923,0.8341806202125026,1000,1000,42,,,separate held-out-year evaluation
REV1-20260827-c550d47d361b,e17faa968e38c7fc622349840d4b5f9f8cdbaafdefb4ec8af883a59d9b245b4b,c550d47d361b1fb3574d89de9ef6f0c1d53bd05125f7cbf85ca0c2b6a8c5e808,c4e299991ac26335258c6b0e19c85674b45cdae6e2ff1eaa1b6f0d283bf44b2c,2026-08-27T12:48:54+09:00,A,secondary,expanded,comparator,histogram gradient boosting,"isotonic, 3-fold training CV",2018-2021,2022,P_valid_2022,2074,211,1863,0.1017357762777242,pr_auc,0.30570945987101805,0.2583911027564718,0.3675088484277295,1000,1000,42,,,separate held-out-year evaluation
REV1-20260827-c550d47d361b,e17faa968e38c7fc622349840d4b5f9f8cdbaafdefb4ec8af883a59d9b245b4b,c550d47d361b1fb3574d89de9ef6f0c1d53bd05125f7cbf85ca0c2b6a8c5e808,c4e299991ac26335258c6b0e19c85674b45cdae6e2ff1eaa1b6f0d283bf44b2c,2026-08-27T12:48:54+09:00,A,secondary,expanded,comparator,histogram gradient boosting,"isotonic, 3-fold training CV",2018-2021,2022,P_valid_2022,2074,211,1863,0.1017357762777242,brier_score,0.08047216631318202,0.07208798582989674,0.08901393601636168,1000,1000,42,,,separate held-out-year evaluation
REV1-20260827-c550d47d361b,e17faa968e38c7fc622349840d4b5f9f8cdbaafdefb4ec8af883a59d9b245b4b,c550d47d361b1fb3574d89de9ef6f0c1d53bd05125f7cbf85ca0c2b6a8c5e808,c4e299991ac26335258c6b0e19c85674b45cdae6e2ff1eaa1b6f0d283bf44b2c,2026-08-27T12:48:54+09:00,A,secondary,expanded,comparator,histogram gradient boosting,"isotonic, 3-fold training CV",2018-2021,2022,P_valid_2022,2074,211,1863,0.1017357762777242,calibration_slope,1.1605603308556995,1.0048569148860647,1.3276694410477548,1000,1000,42,,,separate held-out-year evaluation
REV1-20260827-c550d47d361b,e17faa968e38c7fc622349840d4b5f9f8cdbaafdefb4ec8af883a59d9b245b4b,c550d47d361b1fb3574d89de9ef6f0c1d53bd05125f7cbf85ca0c2b6a8c5e808,c4e299991ac26335258c6b0e19c85674b45cdae6e2ff1eaa1b6f0d283bf44b2c,2026-08-27T12:48:54+09:00,A,secondary,expanded,comparator,histogram gradient boosting,"isotonic, 3-fold training CV",2018-2021,2022,P_valid_2022,2074,211,1863,0.1017357762777242,calibration_in_the_large,0.008606464105044205,-0.14184885635871602,0.14958077800353564,1000,1000,42,,,separate held-out-year evaluation
REV1-20260827-c550d47d361b,e17faa968e38c7fc622349840d4b5f9f8cdbaafdefb4ec8af883a59d9b245b4b,c550d47d361b1fb3574d89de9ef6f0c1d53bd05125f7cbf85ca0c2b6a8c5e808,c4e299991ac26335258c6b0e19c85674b45cdae6e2ff1eaa1b6f0d283bf44b2c,2026-08-27T12:48:54+09:00,A,secondary,expanded,comparator,histogram gradient boosting,"isotonic, 3-fold training CV",2018-2021,2023,P_valid_2023,2300,238,2062,0.10347826086956521,roc_auc,0.8152982337454866,0.7882719754794799,0.8406905754308801,1000,1000,42,,,separate held-out-year evaluation
REV1-20260827-c550d47d361b,e17faa968e38c7fc622349840d4b5f9f8cdbaafdefb4ec8af883a59d9b245b4b,c550d47d361b1fb3574d89de9ef6f0c1d53bd05125f7cbf85ca0c2b6a8c5e808,c4e299991ac26335258c6b0e19c85674b45cdae6e2ff1eaa1b6f0d283bf44b2c,2026-08-27T12:48:54+09:00,A,secondary,expanded,comparator,histogram gradient boosting,"isotonic, 3-fold training CV",2018-2021,2023,P_valid_2023,2300,238,2062,0.10347826086956521,pr_auc,0.3730646688602678,0.314639123907168,0.44083599583593397,1000,1000,42,,,separate held-out-year evaluation
REV1-20260827-c550d47d361b,e17faa968e38c7fc622349840d4b5f9f8cdbaafdefb4ec8af883a59d9b245b4b,c550d47d361b1fb3574d89de9ef6f0c1d53bd05125f7cbf85ca0c2b6a8c5e808,c4e299991ac26335258c6b0e19c85674b45cdae6e2ff1eaa1b6f0d283bf44b2c,2026-08-27T12:48:54+09:00,A,secondary,expanded,comparator,histogram gradient boosting,"isotonic, 3-fold training CV",2018-2021,2023,P_valid_2023,2300,238,2062,0.10347826086956521,brier_score,0.07849653490759081,0.07066983344435836,0.08651026453658196,1000,1000,42,,,separate held-out-year evaluation
REV1-20260827-c550d47d361b,e17faa968e38c7fc622349840d4b5f9f8cdbaafdefb4ec8af883a59d9b245b4b,c550d47d361b1fb3574d89de9ef6f0c1d53bd05125f7cbf85ca0c2b6a8c5e808,c4e299991ac26335258c6b0e19c85674b45cdae6e2ff1eaa1b6f0d283bf44b2c,2026-08-27T12:48:54+09:00,A,secondary,expanded,comparator,histogram gradient boosting,"isotonic, 3-fold training CV",2018-2021,2023,P_valid_2023,2300,238,2062,0.10347826086956521,calibration_slope,1.3080636469134266,1.150416509045325,1.4830411115006354,1000,1000,42,,,separate held-out-year evaluation
REV1-20260827-c550d47d361b,e17faa968e38c7fc622349840d4b5f9f8cdbaafdefb4ec8af883a59d9b245b4b,c550d47d361b1fb3574d89de9ef6f0c1d53bd05125f7cbf85ca0c2b6a8c5e808,c4e299991ac26335258c6b0e19c85674b45cdae6e2ff1eaa1b6f0d283bf44b2c,2026-08-27T12:48:54+09:00,A,secondary,expanded,comparator,histogram gradient boosting,"isotonic, 3-fold training CV",2018-2021,2023,P_valid_2023,2300,238,2062,0.10347826086956521,calibration_in_the_large,-0.07328358331375122,-0.21602015434466265,0.06303377703232356,1000,1000,42,,,separate held-out-year evaluation
REV1-20260827-c550d47d361b,e17faa968e38c7fc622349840d4b5f9f8cdbaafdefb4ec8af883a59d9b245b4b,c550d47d361b1fb3574d89de9ef6f0c1d53bd05125f7cbf85ca0c2b6a8c5e808,c4e299991ac26335258c6b0e19c85674b45cdae6e2ff1eaa1b6f0d283bf44b2c,2026-08-27T12:48:54+09:00,A,secondary,reduced_without_reference,without_reference,histogram gradient boosting,"isotonic, 3-fold training CV",2018-2021,2022,P_valid_2022,2074,211,1863,0.1017357762777242,roc_auc,0.7550910344371434,0.7212424476947287,0.7878961602569976,1000,1000,42,,,separate held-out-year evaluation
REV1-20260827-c550d47d361b,e17faa968e38c7fc622349840d4b5f9f8cdbaafdefb4ec8af883a59d9b245b4b,c550d47d361b1fb3574d89de9ef6f0c1d53bd05125f7cbf85ca0c2b6a8c5e808,c4e299991ac26335258c6b0e19c85674b45cdae6e2ff1eaa1b6f0d283bf44b2c,2026-08-27T12:48:54+09:00,A,secondary,reduced_without_reference,without_reference,histogram gradient boosting,"isotonic, 3-fold training CV",2018-2021,2022,P_valid_2022,2074,211,1863,0.1017357762777242,pr_auc,0.24991453232238853,0.20861557410221876,0.30681666740416397,1000,1000,42,,,separate held-out-year evaluation
REV1-20260827-c550d47d361b,e17faa968e38c7fc622349840d4b5f9f8cdbaafdefb4ec8af883a59d9b245b4b,c550d47d361b1fb3574d89de9ef6f0c1d53bd05125f7cbf85ca0c2b6a8c5e808,c4e299991ac26335258c6b0e19c85674b45cdae6e2ff1eaa1b6f0d283bf44b2c,2026-08-27T12:48:54+09:00,A,secondary,reduced_without_reference,without_reference,histogram gradient boosting,"isotonic, 3-fold training CV",2018-2021,2022,P_valid_2022,2074,211,1863,0.1017357762777242,brier_score,0.08451378017596103,0.0757946082538119,0.09366370231638482,1000,1000,42,,,separate held-out-year evaluation
REV1-20260827-c550d47d361b,e17faa968e38c7fc622349840d4b5f9f8cdbaafdefb4ec8af883a59d9b245b4b,c550d47d361b1fb3574d89de9ef6f0c1d53bd05125f7cbf85ca0c2b6a8c5e808,c4e299991ac26335258c6b0e19c85674b45cdae6e2ff1eaa1b6f0d283bf44b2c,2026-08-27T12:48:54+09:00,A,secondary,reduced_without_reference,without_reference,histogram gradient boosting,"isotonic, 3-fold training CV",2018-2021,2022,P_valid_2022,2074,211,1863,0.1017357762777242,calibration_slope,1.055590063880338,0.8825096648176195,1.2615556087960962,1000,1000,42,,,separate held-out-year evaluation
REV1-20260827-c550d47d361b,e17faa968e38c7fc622349840d4b5f9f8cdbaafdefb4ec8af883a59d9b245b4b,c550d47d361b1fb3574d89de9ef6f0c1d53bd05125f7cbf85ca0c2b6a8c5e808,c4e299991ac26335258c6b0e19c85674b45cdae6e2ff1eaa1b6f0d283bf44b2c,2026-08-27T12:48:54+09:00,A,secondary,reduced_without_reference,without_reference,histogram gradient boosting,"isotonic, 3-fold training CV",2018-2021,2022,P_valid_2022,2074,211,1863,0.1017357762777242,calibration_in_the_large,0.010665807133636653,-0.1335167835574326,0.1530002371054795,1000,1000,42,,,separate held-out-year evaluation
REV1-20260827-c550d47d361b,e17faa968e38c7fc622349840d4b5f9f8cdbaafdefb4ec8af883a59d9b245b4b,c550d47d361b1fb3574d89de9ef6f0c1d53bd05125f7cbf85ca0c2b6a8c5e808,c4e299991ac26335258c6b0e19c85674b45cdae6e2ff1eaa1b6f0d283bf44b2c,2026-08-27T12:48:54+09:00,A,secondary,reduced_without_reference,without_reference,histogram gradient boosting,"isotonic, 3-fold training CV",2018-2021,2023,P_valid_2023,2300,238,2062,0.10347826086956521,roc_auc,0.8010386016676312,0.7737506313099051,0.8282603230628692,1000,1000,42,,,separate held-out-year evaluation
REV1-20260827-c550d47d361b,e17faa968e38c7fc622349840d4b5f9f8cdbaafdefb4ec8af883a59d9b245b4b,c550d47d361b1fb3574d89de9ef6f0c1d53bd05125f7cbf85ca0c2b6a8c5e808,c4e299991ac26335258c6b0e19c85674b45cdae6e2ff1eaa1b6f0d283bf44b2c,2026-08-27T12:48:54+09:00,A,secondary,reduced_without_reference,without_reference,histogram gradient boosting,"isotonic, 3-fold training CV",2018-2021,2023,P_valid_2023,2300,238,2062,0.10347826086956521,pr_auc,0.32246967467663723,0.27150185073579025,0.39312237023433727,1000,1000,42,,,separate held-out-year evaluation
REV1-20260827-c550d47d361b,e17faa968e38c7fc622349840d4b5f9f8cdbaafdefb4ec8af883a59d9b245b4b,c550d47d361b1fb3574d89de9ef6f0c1d53bd05125f7cbf85ca0c2b6a8c5e808,c4e299991ac26335258c6b0e19c85674b45cdae6e2ff1eaa1b6f0d283bf44b2c,2026-08-27T12:48:54+09:00,A,secondary,reduced_without_reference,without_reference,histogram gradient boosting,"isotonic, 3-fold training CV",2018-2021,2023,P_valid_2023,2300,238,2062,0.10347826086956521,brier_score,0.08176182144417077,0.07336918358874549,0.09067644974214309,1000,1000,42,,,separate held-out-year evaluation
REV1-20260827-c550d47d361b,e17faa968e38c7fc622349840d4b5f9f8cdbaafdefb4ec8af883a59d9b245b4b,c550d47d361b1fb3574d89de9ef6f0c1d53bd05125f7cbf85ca0c2b6a8c5e808,c4e299991ac26335258c6b0e19c85674b45cdae6e2ff1eaa1b6f0d283bf44b2c,2026-08-27T12:48:54+09:00,A,secondary,reduced_without_reference,without_reference,histogram gradient boosting,"isotonic, 3-fold training CV",2018-2021,2023,P_valid_2023,2300,238,2062,0.10347826086956521,calibration_slope,1.3828891851114056,1.205952758567694,1.58942178041002,1000,1000,42,,,separate held-out-year evaluation
REV1-20260827-c550d47d361b,e17faa968e38c7fc622349840d4b5f9f8cdbaafdefb4ec8af883a59d9b245b4b,c550d47d361b1fb3574d89de9ef6f0c1d53bd05125f7cbf85ca0c2b6a8c5e808,c4e299991ac26335258c6b0e19c85674b45cdae6e2ff1eaa1b6f0d283bf44b2c,2026-08-27T12:48:54+09:00,A,secondary,reduced_without_reference,without_reference,histogram gradient boosting,"isotonic, 3-fold training CV",2018-2021,2023,P_valid_2023,2300,238,2062,0.10347826086956521,calibration_in_the_large,0.0031449298845130755,-0.14646356188310003,0.13802764905139853,1000,1000,42,,,separate held-out-year evaluation
REV1-20260827-c550d47d361b,e17faa968e38c7fc622349840d4b5f9f8cdbaafdefb4ec8af883a59d9b245b4b,c550d47d361b1fb3574d89de9ef6f0c1d53bd05125f7cbf85ca0c2b6a8c5e808,c4e299991ac26335258c6b0e19c85674b45cdae6e2ff1eaa1b6f0d283bf44b2c,2026-08-27T12:48:54+09:00,A,secondary,reduced_minus_expanded,paired_difference,histogram gradient boosting,"isotonic, 3-fold training CV",2018-2021,2022,P_valid_2022,2074,211,1863,0.1017357762777242,roc_auc,-0.006841892376613146,-0.01992556364593262,0.005021961086001319,1000,1000,42,expanded,reduced minus expanded,paired article-level bootstrap
REV1-20260827-c550d47d361b,e17faa968e38c7fc622349840d4b5f9f8cdbaafdefb4ec8af883a59d9b245b4b,c550d47d361b1fb3574d89de9ef6f0c1d53bd05125f7cbf85ca0c2b6a8c5e808,c4e299991ac26335258c6b0e19c85674b45cdae6e2ff1eaa1b6f0d283bf44b2c,2026-08-27T12:48:54+09:00,A,secondary,reduced_minus_expanded,paired_difference,histogram gradient boosting,"isotonic, 3-fold training CV",2018-2021,2022,P_valid_2022,2074,211,1863,0.1017357762777242,pr_auc,0.002580816375065964,-0.017178224028416282,0.024452954615512664,1000,1000,42,expanded,reduced minus expanded,paired article-level bootstrap
REV1-20260827-c550d47d361b,e17faa968e38c7fc622349840d4b5f9f8cdbaafdefb4ec8af883a59d9b245b4b,c550d47d361b1fb3574d89de9ef6f0c1d53bd05125f7cbf85ca0c2b6a8c5e808,c4e299991ac26335258c6b0e19c85674b45cdae6e2ff1eaa1b6f0d283bf44b2c,2026-08-27T12:48:54+09:00,A,secondary,reduced_minus_expanded,paired_difference,histogram gradient boosting,"isotonic, 3-fold training CV",2018-2021,2022,P_valid_2022,2074,211,1863,0.1017357762777242,brier_score,0.00015450444718548284,-0.001063136264095588,0.0013483365075495578,1000,1000,42,expanded,reduced minus expanded,paired article-level bootstrap
REV1-20260827-c550d47d361b,e17faa968e38c7fc622349840d4b5f9f8cdbaafdefb4ec8af883a59d9b245b4b,c550d47d361b1fb3574d89de9ef6f0c1d53bd05125f7cbf85ca0c2b6a8c5e808,c4e299991ac26335258c6b0e19c85674b45cdae6e2ff1eaa1b6f0d283bf44b2c,2026-08-27T12:48:54+09:00,A,secondary,reduced_minus_expanded,paired_difference,histogram gradient boosting,"isotonic, 3-fold training CV",2018-2021,2022,P_valid_2022,2074,211,1863,0.1017357762777242,calibration_slope,0.02864784055163372,-0.05720375972186688,0.11350417854366394,1000,1000,42,expanded,reduced minus expanded,paired article-level bootstrap
REV1-20260827-c550d47d361b,e17faa968e38c7fc622349840d4b5f9f8cdbaafdefb4ec8af883a59d9b245b4b,c550d47d361b1fb3574d89de9ef6f0c1d53bd05125f7cbf85ca0c2b6a8c5e808,c4e299991ac26335258c6b0e19c85674b45cdae6e2ff1eaa1b6f0d283bf44b2c,2026-08-27T12:48:54+09:00,A,secondary,reduced_minus_expanded,paired_difference,histogram gradient boosting,"isotonic, 3-fold training CV",2018-2021,2022,P_valid_2022,2074,211,1863,0.1017357762777242,calibration_in_the_large,-0.022708540066166967,-0.03990443846442663,-0.0038802564864377637,1000,1000,42,expanded,reduced minus expanded,paired article-level bootstrap
REV1-20260827-c550d47d361b,e17faa968e38c7fc622349840d4b5f9f8cdbaafdefb4ec8af883a59d9b245b4b,c550d47d361b1fb3574d89de9ef6f0c1d53bd05125f7cbf85ca0c2b6a8c5e808,c4e299991ac26335258c6b0e19c85674b45cdae6e2ff1eaa1b6f0d283bf44b2c,2026-08-27T12:48:54+09:00,A,secondary,reduced_without_reference_minus_reduced,paired_difference,histogram gradient boosting,"isotonic, 3-fold training CV",2018-2021,2022,P_valid_2022,2074,211,1863,0.1017357762777242,roc_auc,-0.04406718003118859,-0.06338469770126609,-0.024638066358062902,1000,1000,42,reduced,reduced_without_reference minus reduced,paired article-level bootstrap
REV1-20260827-c550d47d361b,e17faa968e38c7fc622349840d4b5f9f8cdbaafdefb4ec8af883a59d9b245b4b,c550d47d361b1fb3574d89de9ef6f0c1d53bd05125f7cbf85ca0c2b6a8c5e808,c4e299991ac26335258c6b0e19c85674b45cdae6e2ff1eaa1b6f0d283bf44b2c,2026-08-27T12:48:54+09:00,A,secondary,reduced_without_reference_minus_reduced,paired_difference,histogram gradient boosting,"isotonic, 3-fold training CV",2018-2021,2022,P_valid_2022,2074,211,1863,0.1017357762777242,pr_auc,-0.05837574392369549,-0.09254747199724171,-0.02914743008399735,1000,1000,42,reduced,reduced_without_reference minus reduced,paired article-level bootstrap
REV1-20260827-c550d47d361b,e17faa968e38c7fc622349840d4b5f9f8cdbaafdefb4ec8af883a59d9b245b4b,c550d47d361b1fb3574d89de9ef6f0c1d53bd05125f7cbf85ca0c2b6a8c5e808,c4e299991ac26335258c6b0e19c85674b45cdae6e2ff1eaa1b6f0d283bf44b2c,2026-08-27T12:48:54+09:00,A,secondary,reduced_without_reference_minus_reduced,paired_difference,histogram gradient boosting,"isotonic, 3-fold training CV",2018-2021,2022,P_valid_2022,2074,211,1863,0.1017357762777242,brier_score,0.0038871094155935315,0.0020229959186259727,0.005891720588231209,1000,1000,42,reduced,reduced_without_reference minus reduced,paired article-level bootstrap
REV1-20260827-c550d47d361b,e17faa968e38c7fc622349840d4b5f9f8cdbaafdefb4ec8af883a59d9b245b4b,c550d47d361b1fb3574d89de9ef6f0c1d53bd05125f7cbf85ca0c2b6a8c5e808,c4e299991ac26335258c6b0e19c85674b45cdae6e2ff1eaa1b6f0d283bf44b2c,2026-08-27T12:48:54+09:00,A,secondary,reduced_without_reference_minus_reduced,paired_difference,histogram gradient boosting,"isotonic, 3-fold training CV",2018-2021,2022,P_valid_2022,2074,211,1863,0.1017357762777242,calibration_slope,-0.13361810752699532,-0.25382995971935945,-0.016752367639422266,1000,1000,42,reduced,reduced_without_reference minus reduced,paired article-level bootstrap
REV1-20260827-c550d47d361b,e17faa968e38c7fc622349840d4b5f9f8cdbaafdefb4ec8af883a59d9b245b4b,c550d47d361b1fb3574d89de9ef6f0c1d53bd05125f7cbf85ca0c2b6a8c5e808,c4e299991ac26335258c6b0e19c85674b45cdae6e2ff1eaa1b6f0d283bf44b2c,2026-08-27T12:48:54+09:00,A,secondary,reduced_without_reference_minus_reduced,paired_difference,histogram gradient boosting,"isotonic, 3-fold training CV",2018-2021,2022,P_valid_2022,2074,211,1863,0.1017357762777242,calibration_in_the_large,0.024767883094759417,0.00025654482567273785,0.048110495578977196,1000,1000,42,reduced,reduced_without_reference minus reduced,paired article-level bootstrap
REV1-20260827-c550d47d361b,e17faa968e38c7fc622349840d4b5f9f8cdbaafdefb4ec8af883a59d9b245b4b,c550d47d361b1fb3574d89de9ef6f0c1d53bd05125f7cbf85ca0c2b6a8c5e808,c4e299991ac26335258c6b0e19c85674b45cdae6e2ff1eaa1b6f0d283bf44b2c,2026-08-27T12:48:54+09:00,A,secondary,reduced_minus_expanded,paired_difference,histogram gradient boosting,"isotonic, 3-fold training CV",2018-2021,2023,P_valid_2023,2300,238,2062,0.10347826086956521,roc_auc,-0.0022730236614529886,-0.015141523433010803,0.009342041923513643,1000,1000,42,expanded,reduced minus expanded,paired article-level bootstrap
REV1-20260827-c550d47d361b,e17faa968e38c7fc622349840d4b5f9f8cdbaafdefb4ec8af883a59d9b245b4b,c550d47d361b1fb3574d89de9ef6f0c1d53bd05125f7cbf85ca0c2b6a8c5e808,c4e299991ac26335258c6b0e19c85674b45cdae6e2ff1eaa1b6f0d283bf44b2c,2026-08-27T12:48:54+09:00,A,secondary,reduced_minus_expanded,paired_difference,histogram gradient boosting,"isotonic, 3-fold training CV",2018-2021,2023,P_valid_2023,2300,238,2062,0.10347826086956521,pr_auc,0.007204131635340283,-0.014836953450588363,0.030561484686087107,1000,1000,42,expanded,reduced minus expanded,paired article-level bootstrap
REV1-20260827-c550d47d361b,e17faa968e38c7fc622349840d4b5f9f8cdbaafdefb4ec8af883a59d9b245b4b,c550d47d361b1fb3574d89de9ef6f0c1d53bd05125f7cbf85ca0c2b6a8c5e808,c4e299991ac26335258c6b0e19c85674b45cdae6e2ff1eaa1b6f0d283bf44b2c,2026-08-27T12:48:54+09:00,A,secondary,reduced_minus_expanded,paired_difference,histogram gradient boosting,"isotonic, 3-fold training CV",2018-2021,2023,P_valid_2023,2300,238,2062,0.10347826086956521,brier_score,-0.00015228556654481307,-0.0013599532575314197,0.0010736423444382493,1000,1000,42,expanded,reduced minus expanded,paired article-level bootstrap
REV1-20260827-c550d47d361b,e17faa968e38c7fc622349840d4b5f9f8cdbaafdefb4ec8af883a59d9b245b4b,c550d47d361b1fb3574d89de9ef6f0c1d53bd05125f7cbf85ca0c2b6a8c5e808,c4e299991ac26335258c6b0e19c85674b45cdae6e2ff1eaa1b6f0d283bf44b2c,2026-08-27T12:48:54+09:00,A,secondary,reduced_minus_expanded,paired_difference,histogram gradient boosting,"isotonic, 3-fold training CV",2018-2021,2023,P_valid_2023,2300,238,2062,0.10347826086956521,calibration_slope,0.07638855003204115,-0.007428575794781012,0.1544207217744403,1000,1000,42,expanded,reduced minus expanded,paired article-level bootstrap
REV1-20260827-c550d47d361b,e17faa968e38c7fc622349840d4b5f9f8cdbaafdefb4ec8af883a59d9b245b4b,c550d47d361b1fb3574d89de9ef6f0c1d53bd05125f7cbf85ca0c2b6a8c5e808,c4e299991ac26335258c6b0e19c85674b45cdae6e2ff1eaa1b6f0d283bf44b2c,2026-08-27T12:48:54+09:00,A,secondary,reduced_minus_expanded,paired_difference,histogram gradient boosting,"isotonic, 3-fold training CV",2018-2021,2023,P_valid_2023,2300,238,2062,0.10347826086956521,calibration_in_the_large,0.04140692778530591,0.024241030886128386,0.05821747613803022,1000,1000,42,expanded,reduced minus expanded,paired article-level bootstrap
REV1-20260827-c550d47d361b,e17faa968e38c7fc622349840d4b5f9f8cdbaafdefb4ec8af883a59d9b245b4b,c550d47d361b1fb3574d89de9ef6f0c1d53bd05125f7cbf85ca0c2b6a8c5e808,c4e299991ac26335258c6b0e19c85674b45cdae6e2ff1eaa1b6f0d283bf44b2c,2026-08-27T12:48:54+09:00,A,secondary,reduced_without_reference_minus_reduced,paired_difference,histogram gradient boosting,"isotonic, 3-fold training CV",2018-2021,2023,P_valid_2023,2300,238,2062,0.10347826086956521,roc_auc,-0.011986608416402422,-0.027694669927249324,0.004142420763619203,1000,1000,42,reduced,reduced_without_reference minus reduced,paired article-level bootstrap
REV1-20260827-c550d47d361b,e17faa968e38c7fc622349840d4b5f9f8cdbaafdefb4ec8af883a59d9b245b4b,c550d47d361b1fb3574d89de9ef6f0c1d53bd05125f7cbf85ca0c2b6a8c5e808,c4e299991ac26335258c6b0e19c85674b45cdae6e2ff1eaa1b6f0d283bf44b2c,2026-08-27T12:48:54+09:00,A,secondary,reduced_without_reference_minus_reduced,paired_difference,histogram gradient boosting,"isotonic, 3-fold training CV",2018-2021,2023,P_valid_2023,2300,238,2062,0.10347826086956521,pr_auc,-0.05779912581897084,-0.09164532017534585,-0.024414721008005524,1000,1000,42,reduced,reduced_without_reference minus reduced,paired article-level bootstrap
REV1-20260827-c550d47d361b,e17faa968e38c7fc622349840d4b5f9f8cdbaafdefb4ec8af883a59d9b245b4b,c550d47d361b1fb3574d89de9ef6f0c1d53bd05125f7cbf85ca0c2b6a8c5e808,c4e299991ac26335258c6b0e19c85674b45cdae6e2ff1eaa1b6f0d283bf44b2c,2026-08-27T12:48:54+09:00,A,secondary,reduced_without_reference_minus_reduced,paired_difference,histogram gradient boosting,"isotonic, 3-fold training CV",2018-2021,2023,P_valid_2023,2300,238,2062,0.10347826086956521,brier_score,0.0034175721031247663,0.0017938502704864638,0.00521880912173686,1000,1000,42,reduced,reduced_without_reference minus reduced,paired article-level bootstrap
REV1-20260827-c550d47d361b,e17faa968e38c7fc622349840d4b5f9f8cdbaafdefb4ec8af883a59d9b245b4b,c550d47d361b1fb3574d89de9ef6f0c1d53bd05125f7cbf85ca0c2b6a8c5e808,c4e299991ac26335258c6b0e19c85674b45cdae6e2ff1eaa1b6f0d283bf44b2c,2026-08-27T12:48:54+09:00,A,secondary,reduced_without_reference_minus_reduced,paired_difference,histogram gradient boosting,"isotonic, 3-fold training CV",2018-2021,2023,P_valid_2023,2300,238,2062,0.10347826086956521,calibration_slope,-0.0015630118340621557,-0.11954754050639907,0.12227067014884792,1000,1000,42,reduced,reduced_without_reference minus reduced,paired article-level bootstrap
REV1-20260827-c550d47d361b,e17faa968e38c7fc622349840d4b5f9f8cdbaafdefb4ec8af883a59d9b245b4b,c550d47d361b1fb3574d89de9ef6f0c1d53bd05125f7cbf85ca0c2b6a8c5e808,c4e299991ac26335258c6b0e19c85674b45cdae6e2ff1eaa1b6f0d283bf44b2c,2026-08-27T12:48:54+09:00,A,secondary,reduced_without_reference_minus_reduced,paired_difference,histogram gradient boosting,"isotonic, 3-fold training CV",2018-2021,2023,P_valid_2023,2300,238,2062,0.10347826086956521,calibration_in_the_large,0.03502158541295839,0.01293299428407864,0.05658624199357507,1000,1000,42,reduced,reduced_without_reference minus reduced,paired article-level bootstrap
