freeze_id,plan_sha256,source_cohort_sha256,analysis_script_sha256,generated_at,analysis_id,row_type,population,model_variant,outcome,term,term_role,raw_scale,transformation,standardization_mean,standardization_sd,n,events,non_events,top10_group_n,other_group_n,missing_excluded_n,estimate_type,estimate,ci_lower,ci_upper,p_value,converged,separation_or_rank_issue,notes
REV1-20260827-c550d47d361b,e17faa968e38c7fc622349840d4b5f9f8cdbaafdefb4ec8af883a59d9b245b4b,c550d47d361b1fb3574d89de9ef6f0c1d53bd05125f7cbf85ca0c2b6a8c5e808,c4e299991ac26335258c6b0e19c85674b45cdae6e2ff1eaa1b6f0d283bf44b2c,2026-08-27T12:48:54+09:00,author_collinearity,collinearity,P_train complete for four prominence measures,pre-fit audit,is_top10,fa_prior_works vs fa_prior_cites,author prominence,,log1p,,,8498,,,,,,pearson_r,0.9194169004203705,,,,NA,none,pairwise collinearity audit prespecified before fitting
REV1-20260827-c550d47d361b,e17faa968e38c7fc622349840d4b5f9f8cdbaafdefb4ec8af883a59d9b245b4b,c550d47d361b1fb3574d89de9ef6f0c1d53bd05125f7cbf85ca0c2b6a8c5e808,c4e299991ac26335258c6b0e19c85674b45cdae6e2ff1eaa1b6f0d283bf44b2c,2026-08-27T12:48:54+09:00,author_collinearity,collinearity,P_train complete for four prominence measures,pre-fit audit,is_top10,fa_prior_works vs la_prior_works,author prominence,,log1p,,,8498,,,,,,pearson_r,0.14890387756540666,,,,NA,none,pairwise collinearity audit prespecified before fitting
REV1-20260827-c550d47d361b,e17faa968e38c7fc622349840d4b5f9f8cdbaafdefb4ec8af883a59d9b245b4b,c550d47d361b1fb3574d89de9ef6f0c1d53bd05125f7cbf85ca0c2b6a8c5e808,c4e299991ac26335258c6b0e19c85674b45cdae6e2ff1eaa1b6f0d283bf44b2c,2026-08-27T12:48:54+09:00,author_collinearity,collinearity,P_train complete for four prominence measures,pre-fit audit,is_top10,fa_prior_works vs la_prior_cites,author prominence,,log1p,,,8498,,,,,,pearson_r,0.1308165159637972,,,,NA,none,pairwise collinearity audit prespecified before fitting
REV1-20260827-c550d47d361b,e17faa968e38c7fc622349840d4b5f9f8cdbaafdefb4ec8af883a59d9b245b4b,c550d47d361b1fb3574d89de9ef6f0c1d53bd05125f7cbf85ca0c2b6a8c5e808,c4e299991ac26335258c6b0e19c85674b45cdae6e2ff1eaa1b6f0d283bf44b2c,2026-08-27T12:48:54+09:00,author_collinearity,collinearity,P_train complete for four prominence measures,pre-fit audit,is_top10,fa_prior_cites vs la_prior_works,author prominence,,log1p,,,8498,,,,,,pearson_r,0.15831715306959881,,,,NA,none,pairwise collinearity audit prespecified before fitting
REV1-20260827-c550d47d361b,e17faa968e38c7fc622349840d4b5f9f8cdbaafdefb4ec8af883a59d9b245b4b,c550d47d361b1fb3574d89de9ef6f0c1d53bd05125f7cbf85ca0c2b6a8c5e808,c4e299991ac26335258c6b0e19c85674b45cdae6e2ff1eaa1b6f0d283bf44b2c,2026-08-27T12:48:54+09:00,author_collinearity,collinearity,P_train complete for four prominence measures,pre-fit audit,is_top10,fa_prior_cites vs la_prior_cites,author prominence,,log1p,,,8498,,,,,,pearson_r,0.16220353318862743,,,,NA,none,pairwise collinearity audit prespecified before fitting
REV1-20260827-c550d47d361b,e17faa968e38c7fc622349840d4b5f9f8cdbaafdefb4ec8af883a59d9b245b4b,c550d47d361b1fb3574d89de9ef6f0c1d53bd05125f7cbf85ca0c2b6a8c5e808,c4e299991ac26335258c6b0e19c85674b45cdae6e2ff1eaa1b6f0d283bf44b2c,2026-08-27T12:48:54+09:00,author_collinearity,collinearity,P_train complete for four prominence measures,pre-fit audit,is_top10,la_prior_works vs la_prior_cites,author prominence,,log1p,,,8498,,,,,,pearson_r,0.9427313799723939,,,,NA,none,pairwise collinearity audit prespecified before fitting
REV1-20260827-c550d47d361b,e17faa968e38c7fc622349840d4b5f9f8cdbaafdefb4ec8af883a59d9b245b4b,c550d47d361b1fb3574d89de9ef6f0c1d53bd05125f7cbf85ca0c2b6a8c5e808,c4e299991ac26335258c6b0e19c85674b45cdae6e2ff1eaa1b6f0d283bf44b2c,2026-08-27T12:48:54+09:00,table2_main_abstract_present,model_summary,P_table2_abstract,main,is_top10,pseudo_r2,model,,,,,5597,513.0,5084.0,513.0,5084.0,3328.0,McFadden pseudo R2,0.0840319781985579,,,,True,none,complete-case maximum-likelihood logistic regression
REV1-20260827-c550d47d361b,e17faa968e38c7fc622349840d4b5f9f8cdbaafdefb4ec8af883a59d9b245b4b,c550d47d361b1fb3574d89de9ef6f0c1d53bd05125f7cbf85ca0c2b6a8c5e808,c4e299991ac26335258c6b0e19c85674b45cdae6e2ff1eaa1b6f0d283bf44b2c,2026-08-27T12:48:54+09:00,table2_main_abstract_present,coefficient,P_table2_abstract,main,is_top10,n_references,association covariate,count,z-score,33.145792388779704,18.264247688865673,5597,513.0,5084.0,513.0,5084.0,,adjusted odds ratio,1.4790709952364114,1.367611125627431,1.5996148085925963,1.2236194866433197e-22,True,none,two-sided descriptive p-value
REV1-20260827-c550d47d361b,e17faa968e38c7fc622349840d4b5f9f8cdbaafdefb4ec8af883a59d9b245b4b,c550d47d361b1fb3574d89de9ef6f0c1d53bd05125f7cbf85ca0c2b6a8c5e808,c4e299991ac26335258c6b0e19c85674b45cdae6e2ff1eaa1b6f0d283bf44b2c,2026-08-27T12:48:54+09:00,table2_main_abstract_present,coefficient,P_table2_abstract,main,is_top10,n_authors,team size,count,z-score,7.272824727532607,4.847207928648054,5597,513.0,5084.0,513.0,5084.0,,adjusted odds ratio,1.003800170321619,0.8955927417873736,1.125081451561086,0.9480342522942098,True,none,two-sided descriptive p-value
REV1-20260827-c550d47d361b,e17faa968e38c7fc622349840d4b5f9f8cdbaafdefb4ec8af883a59d9b245b4b,c550d47d361b1fb3574d89de9ef6f0c1d53bd05125f7cbf85ca0c2b6a8c5e808,c4e299991ac26335258c6b0e19c85674b45cdae6e2ff1eaa1b6f0d283bf44b2c,2026-08-27T12:48:54+09:00,table2_main_abstract_present,coefficient,P_table2_abstract,main,is_top10,n_institutions,association covariate,count,z-score,3.455422547793461,3.512871459495123,5597,513.0,5084.0,513.0,5084.0,,adjusted odds ratio,1.0537700764985918,0.9428856491671811,1.1776946389041498,0.3558742544699197,True,none,two-sided descriptive p-value
REV1-20260827-c550d47d361b,e17faa968e38c7fc622349840d4b5f9f8cdbaafdefb4ec8af883a59d9b245b4b,c550d47d361b1fb3574d89de9ef6f0c1d53bd05125f7cbf85ca0c2b6a8c5e808,c4e299991ac26335258c6b0e19c85674b45cdae6e2ff1eaa1b6f0d283bf44b2c,2026-08-27T12:48:54+09:00,table2_main_abstract_present,coefficient,P_table2_abstract,main,is_top10,abstract_n_words,association covariate,count,z-score,267.8040021440057,101.58650013868694,5597,513.0,5084.0,513.0,5084.0,,adjusted odds ratio,1.11908416033447,1.0355093258660144,1.2094042290388298,0.004496096026540605,True,none,two-sided descriptive p-value
REV1-20260827-c550d47d361b,e17faa968e38c7fc622349840d4b5f9f8cdbaafdefb4ec8af883a59d9b245b4b,c550d47d361b1fb3574d89de9ef6f0c1d53bd05125f7cbf85ca0c2b6a8c5e808,c4e299991ac26335258c6b0e19c85674b45cdae6e2ff1eaa1b6f0d283bf44b2c,2026-08-27T12:48:54+09:00,table2_main_abstract_present,coefficient,P_table2_abstract,main,is_top10,fa_prior_works,author prominence,count,log1p then z-score,3.032928348646256,1.446081688920669,5597,513.0,5084.0,513.0,5084.0,,adjusted odds ratio,0.7577538062906495,0.5931445421737513,0.9680453753206213,0.02642866877156634,True,none,two-sided descriptive p-value
REV1-20260827-c550d47d361b,e17faa968e38c7fc622349840d4b5f9f8cdbaafdefb4ec8af883a59d9b245b4b,c550d47d361b1fb3574d89de9ef6f0c1d53bd05125f7cbf85ca0c2b6a8c5e808,c4e299991ac26335258c6b0e19c85674b45cdae6e2ff1eaa1b6f0d283bf44b2c,2026-08-27T12:48:54+09:00,table2_main_abstract_present,coefficient,P_table2_abstract,main,is_top10,fa_prior_cites,author prominence,count,log1p then z-score,5.636009195968008,2.3021673472877784,5597,513.0,5084.0,513.0,5084.0,,adjusted odds ratio,1.6383053814783795,1.2651463891277615,2.121528817571457,0.00018158367160364962,True,none,two-sided descriptive p-value
REV1-20260827-c550d47d361b,e17faa968e38c7fc622349840d4b5f9f8cdbaafdefb4ec8af883a59d9b245b4b,c550d47d361b1fb3574d89de9ef6f0c1d53bd05125f7cbf85ca0c2b6a8c5e808,c4e299991ac26335258c6b0e19c85674b45cdae6e2ff1eaa1b6f0d283bf44b2c,2026-08-27T12:48:54+09:00,table2_main_abstract_present,coefficient,P_table2_abstract,main,is_top10,la_prior_works,author prominence,count,log1p then z-score,4.471956210758233,1.4361035155028776,5597,513.0,5084.0,513.0,5084.0,,adjusted odds ratio,0.7516663762858566,0.5597253966838107,1.0094277382912489,0.05775043961430592,True,none,two-sided descriptive p-value
REV1-20260827-c550d47d361b,e17faa968e38c7fc622349840d4b5f9f8cdbaafdefb4ec8af883a59d9b245b4b,c550d47d361b1fb3574d89de9ef6f0c1d53bd05125f7cbf85ca0c2b6a8c5e808,c4e299991ac26335258c6b0e19c85674b45cdae6e2ff1eaa1b6f0d283bf44b2c,2026-08-27T12:48:54+09:00,table2_main_abstract_present,coefficient,P_table2_abstract,main,is_top10,la_prior_cites,author prominence,count,log1p then z-score,7.593028759716405,2.080536480091403,5597,513.0,5084.0,513.0,5084.0,,adjusted odds ratio,1.4469481282616172,1.06423630983351,1.9672875906736647,0.018414646890186324,True,none,two-sided descriptive p-value
REV1-20260827-c550d47d361b,e17faa968e38c7fc622349840d4b5f9f8cdbaafdefb4ec8af883a59d9b245b4b,c550d47d361b1fb3574d89de9ef6f0c1d53bd05125f7cbf85ca0c2b6a8c5e808,c4e299991ac26335258c6b0e19c85674b45cdae6e2ff1eaa1b6f0d283bf44b2c,2026-08-27T12:48:54+09:00,table2_main_abstract_present,coefficient,P_table2_abstract,main,is_top10,is_international,association covariate,0/1,none,,,5597,513.0,5084.0,513.0,5084.0,,adjusted odds ratio,1.2564572917662633,1.0108028208286697,1.561812940666693,0.03970865278167032,True,none,two-sided descriptive p-value
REV1-20260827-c550d47d361b,e17faa968e38c7fc622349840d4b5f9f8cdbaafdefb4ec8af883a59d9b245b4b,c550d47d361b1fb3574d89de9ef6f0c1d53bd05125f7cbf85ca0c2b6a8c5e808,c4e299991ac26335258c6b0e19c85674b45cdae6e2ff1eaa1b6f0d283bf44b2c,2026-08-27T12:48:54+09:00,table2_main_abstract_present,coefficient,P_table2_abstract,main,is_top10,is_oa,association covariate,0/1,none,,,5597,513.0,5084.0,513.0,5084.0,,adjusted odds ratio,1.4574007027108555,1.1904854071329214,1.7841603059859619,0.00026295566105217084,True,none,two-sided descriptive p-value
REV1-20260827-c550d47d361b,e17faa968e38c7fc622349840d4b5f9f8cdbaafdefb4ec8af883a59d9b245b4b,c550d47d361b1fb3574d89de9ef6f0c1d53bd05125f7cbf85ca0c2b6a8c5e808,c4e299991ac26335258c6b0e19c85674b45cdae6e2ff1eaa1b6f0d283bf44b2c,2026-08-27T12:48:54+09:00,table2_main_abstract_present,coefficient,P_table2_abstract,main,is_top10,is_review,association covariate,0/1,none,,,5597,513.0,5084.0,513.0,5084.0,,adjusted odds ratio,2.1335792351883986,1.5185530229569015,2.997696019835527,1.2546615058021849e-05,True,none,two-sided descriptive p-value
REV1-20260827-c550d47d361b,e17faa968e38c7fc622349840d4b5f9f8cdbaafdefb4ec8af883a59d9b245b4b,c550d47d361b1fb3574d89de9ef6f0c1d53bd05125f7cbf85ca0c2b6a8c5e808,c4e299991ac26335258c6b0e19c85674b45cdae6e2ff1eaa1b6f0d283bf44b2c,2026-08-27T12:48:54+09:00,table2_main_abstract_present,coefficient,P_table2_abstract,main,is_top10,is_rct,association covariate,0/1,none,,,5597,513.0,5084.0,513.0,5084.0,,adjusted odds ratio,1.6254147944743613,1.1691492153342675,2.2597400053343684,0.0038575750974623986,True,none,two-sided descriptive p-value
REV1-20260827-c550d47d361b,e17faa968e38c7fc622349840d4b5f9f8cdbaafdefb4ec8af883a59d9b245b4b,c550d47d361b1fb3574d89de9ef6f0c1d53bd05125f7cbf85ca0c2b6a8c5e808,c4e299991ac26335258c6b0e19c85674b45cdae6e2ff1eaa1b6f0d283bf44b2c,2026-08-27T12:48:54+09:00,table2_main_abstract_present,coefficient,P_table2_abstract,main,is_top10,is_sr_meta,association covariate,0/1,none,,,5597,513.0,5084.0,513.0,5084.0,,adjusted odds ratio,1.0124495058252647,0.6799694643071826,1.5075000505945442,0.9514251046840257,True,none,two-sided descriptive p-value
REV1-20260827-c550d47d361b,e17faa968e38c7fc622349840d4b5f9f8cdbaafdefb4ec8af883a59d9b245b4b,c550d47d361b1fb3574d89de9ef6f0c1d53bd05125f7cbf85ca0c2b6a8c5e808,c4e299991ac26335258c6b0e19c85674b45cdae6e2ff1eaa1b6f0d283bf44b2c,2026-08-27T12:48:54+09:00,table2_main_abstract_present,coefficient,P_table2_abstract,main,is_top10,has_usa,association covariate,0/1,none,,,5597,513.0,5084.0,513.0,5084.0,,adjusted odds ratio,0.9309253849502129,0.7622001839213552,1.137000607748635,0.4829667267474024,True,none,two-sided descriptive p-value
REV1-20260827-c550d47d361b,e17faa968e38c7fc622349840d4b5f9f8cdbaafdefb4ec8af883a59d9b245b4b,c550d47d361b1fb3574d89de9ef6f0c1d53bd05125f7cbf85ca0c2b6a8c5e808,c4e299991ac26335258c6b0e19c85674b45cdae6e2ff1eaa1b6f0d283bf44b2c,2026-08-27T12:48:54+09:00,table2_main_abstract_present,standardization,P_table2_abstract,main,is_top10,n_references,continuous covariate,count,z-score,33.145792388779704,18.264247688865673,5597,513.0,5084.0,513.0,5084.0,,raw-unit SD,18.264247688865673,,,,True,none,estimation-population standardization
REV1-20260827-c550d47d361b,e17faa968e38c7fc622349840d4b5f9f8cdbaafdefb4ec8af883a59d9b245b4b,c550d47d361b1fb3574d89de9ef6f0c1d53bd05125f7cbf85ca0c2b6a8c5e808,c4e299991ac26335258c6b0e19c85674b45cdae6e2ff1eaa1b6f0d283bf44b2c,2026-08-27T12:48:54+09:00,table2_main_abstract_present,standardization,P_table2_abstract,main,is_top10,n_authors,continuous covariate,count,z-score,7.272824727532607,4.847207928648054,5597,513.0,5084.0,513.0,5084.0,,raw-unit SD,4.847207928648054,,,,True,none,estimation-population standardization
REV1-20260827-c550d47d361b,e17faa968e38c7fc622349840d4b5f9f8cdbaafdefb4ec8af883a59d9b245b4b,c550d47d361b1fb3574d89de9ef6f0c1d53bd05125f7cbf85ca0c2b6a8c5e808,c4e299991ac26335258c6b0e19c85674b45cdae6e2ff1eaa1b6f0d283bf44b2c,2026-08-27T12:48:54+09:00,table2_main_abstract_present,standardization,P_table2_abstract,main,is_top10,n_institutions,continuous covariate,count,z-score,3.455422547793461,3.512871459495123,5597,513.0,5084.0,513.0,5084.0,,raw-unit SD,3.512871459495123,,,,True,none,estimation-population standardization
REV1-20260827-c550d47d361b,e17faa968e38c7fc622349840d4b5f9f8cdbaafdefb4ec8af883a59d9b245b4b,c550d47d361b1fb3574d89de9ef6f0c1d53bd05125f7cbf85ca0c2b6a8c5e808,c4e299991ac26335258c6b0e19c85674b45cdae6e2ff1eaa1b6f0d283bf44b2c,2026-08-27T12:48:54+09:00,table2_main_abstract_present,standardization,P_table2_abstract,main,is_top10,abstract_n_words,continuous covariate,count,z-score,267.8040021440057,101.58650013868694,5597,513.0,5084.0,513.0,5084.0,,raw-unit SD,101.58650013868694,,,,True,none,estimation-population standardization
REV1-20260827-c550d47d361b,e17faa968e38c7fc622349840d4b5f9f8cdbaafdefb4ec8af883a59d9b245b4b,c550d47d361b1fb3574d89de9ef6f0c1d53bd05125f7cbf85ca0c2b6a8c5e808,c4e299991ac26335258c6b0e19c85674b45cdae6e2ff1eaa1b6f0d283bf44b2c,2026-08-27T12:48:54+09:00,table2_main_abstract_present,standardization,P_table2_abstract,main,is_top10,fa_prior_works,continuous covariate,count,log1p then z-score,3.032928348646256,1.446081688920669,5597,513.0,5084.0,513.0,5084.0,,raw-unit SD,1.446081688920669,,,,True,none,estimation-population standardization
REV1-20260827-c550d47d361b,e17faa968e38c7fc622349840d4b5f9f8cdbaafdefb4ec8af883a59d9b245b4b,c550d47d361b1fb3574d89de9ef6f0c1d53bd05125f7cbf85ca0c2b6a8c5e808,c4e299991ac26335258c6b0e19c85674b45cdae6e2ff1eaa1b6f0d283bf44b2c,2026-08-27T12:48:54+09:00,table2_main_abstract_present,standardization,P_table2_abstract,main,is_top10,fa_prior_cites,continuous covariate,count,log1p then z-score,5.636009195968008,2.3021673472877784,5597,513.0,5084.0,513.0,5084.0,,raw-unit SD,2.3021673472877784,,,,True,none,estimation-population standardization
REV1-20260827-c550d47d361b,e17faa968e38c7fc622349840d4b5f9f8cdbaafdefb4ec8af883a59d9b245b4b,c550d47d361b1fb3574d89de9ef6f0c1d53bd05125f7cbf85ca0c2b6a8c5e808,c4e299991ac26335258c6b0e19c85674b45cdae6e2ff1eaa1b6f0d283bf44b2c,2026-08-27T12:48:54+09:00,table2_main_abstract_present,standardization,P_table2_abstract,main,is_top10,la_prior_works,continuous covariate,count,log1p then z-score,4.471956210758233,1.4361035155028776,5597,513.0,5084.0,513.0,5084.0,,raw-unit SD,1.4361035155028776,,,,True,none,estimation-population standardization
REV1-20260827-c550d47d361b,e17faa968e38c7fc622349840d4b5f9f8cdbaafdefb4ec8af883a59d9b245b4b,c550d47d361b1fb3574d89de9ef6f0c1d53bd05125f7cbf85ca0c2b6a8c5e808,c4e299991ac26335258c6b0e19c85674b45cdae6e2ff1eaa1b6f0d283bf44b2c,2026-08-27T12:48:54+09:00,table2_main_abstract_present,standardization,P_table2_abstract,main,is_top10,la_prior_cites,continuous covariate,count,log1p then z-score,7.593028759716405,2.080536480091403,5597,513.0,5084.0,513.0,5084.0,,raw-unit SD,2.080536480091403,,,,True,none,estimation-population standardization
REV1-20260827-c550d47d361b,e17faa968e38c7fc622349840d4b5f9f8cdbaafdefb4ec8af883a59d9b245b4b,c550d47d361b1fb3574d89de9ef6f0c1d53bd05125f7cbf85ca0c2b6a8c5e808,c4e299991ac26335258c6b0e19c85674b45cdae6e2ff1eaa1b6f0d283bf44b2c,2026-08-27T12:48:54+09:00,table2_main_abstract_present,missingness,P_table2_abstract,main,is_top10,n_references,covariate,,,,,5597,513.0,5084.0,513.0,5084.0,0.0,missing n,0.0,,,,True,none,per-variable missingness before complete-case restriction; counts may overlap
REV1-20260827-c550d47d361b,e17faa968e38c7fc622349840d4b5f9f8cdbaafdefb4ec8af883a59d9b245b4b,c550d47d361b1fb3574d89de9ef6f0c1d53bd05125f7cbf85ca0c2b6a8c5e808,c4e299991ac26335258c6b0e19c85674b45cdae6e2ff1eaa1b6f0d283bf44b2c,2026-08-27T12:48:54+09:00,table2_main_abstract_present,missingness,P_table2_abstract,main,is_top10,n_authors,covariate,,,,,5597,513.0,5084.0,513.0,5084.0,0.0,missing n,0.0,,,,True,none,per-variable missingness before complete-case restriction; counts may overlap
REV1-20260827-c550d47d361b,e17faa968e38c7fc622349840d4b5f9f8cdbaafdefb4ec8af883a59d9b245b4b,c550d47d361b1fb3574d89de9ef6f0c1d53bd05125f7cbf85ca0c2b6a8c5e808,c4e299991ac26335258c6b0e19c85674b45cdae6e2ff1eaa1b6f0d283bf44b2c,2026-08-27T12:48:54+09:00,table2_main_abstract_present,missingness,P_table2_abstract,main,is_top10,n_institutions,covariate,,,,,5597,513.0,5084.0,513.0,5084.0,0.0,missing n,0.0,,,,True,none,per-variable missingness before complete-case restriction; counts may overlap
REV1-20260827-c550d47d361b,e17faa968e38c7fc622349840d4b5f9f8cdbaafdefb4ec8af883a59d9b245b4b,c550d47d361b1fb3574d89de9ef6f0c1d53bd05125f7cbf85ca0c2b6a8c5e808,c4e299991ac26335258c6b0e19c85674b45cdae6e2ff1eaa1b6f0d283bf44b2c,2026-08-27T12:48:54+09:00,table2_main_abstract_present,missingness,P_table2_abstract,main,is_top10,abstract_n_words,covariate,,,,,5597,513.0,5084.0,513.0,5084.0,3029.0,missing n,3029.0,,,,True,none,per-variable missingness before complete-case restriction; counts may overlap
REV1-20260827-c550d47d361b,e17faa968e38c7fc622349840d4b5f9f8cdbaafdefb4ec8af883a59d9b245b4b,c550d47d361b1fb3574d89de9ef6f0c1d53bd05125f7cbf85ca0c2b6a8c5e808,c4e299991ac26335258c6b0e19c85674b45cdae6e2ff1eaa1b6f0d283bf44b2c,2026-08-27T12:48:54+09:00,table2_main_abstract_present,missingness,P_table2_abstract,main,is_top10,fa_prior_works,covariate,,,,,5597,513.0,5084.0,513.0,5084.0,279.0,missing n,279.0,,,,True,none,per-variable missingness before complete-case restriction; counts may overlap
REV1-20260827-c550d47d361b,e17faa968e38c7fc622349840d4b5f9f8cdbaafdefb4ec8af883a59d9b245b4b,c550d47d361b1fb3574d89de9ef6f0c1d53bd05125f7cbf85ca0c2b6a8c5e808,c4e299991ac26335258c6b0e19c85674b45cdae6e2ff1eaa1b6f0d283bf44b2c,2026-08-27T12:48:54+09:00,table2_main_abstract_present,missingness,P_table2_abstract,main,is_top10,fa_prior_cites,covariate,,,,,5597,513.0,5084.0,513.0,5084.0,279.0,missing n,279.0,,,,True,none,per-variable missingness before complete-case restriction; counts may overlap
REV1-20260827-c550d47d361b,e17faa968e38c7fc622349840d4b5f9f8cdbaafdefb4ec8af883a59d9b245b4b,c550d47d361b1fb3574d89de9ef6f0c1d53bd05125f7cbf85ca0c2b6a8c5e808,c4e299991ac26335258c6b0e19c85674b45cdae6e2ff1eaa1b6f0d283bf44b2c,2026-08-27T12:48:54+09:00,table2_main_abstract_present,missingness,P_table2_abstract,main,is_top10,la_prior_works,covariate,,,,,5597,513.0,5084.0,513.0,5084.0,343.0,missing n,343.0,,,,True,none,per-variable missingness before complete-case restriction; counts may overlap
REV1-20260827-c550d47d361b,e17faa968e38c7fc622349840d4b5f9f8cdbaafdefb4ec8af883a59d9b245b4b,c550d47d361b1fb3574d89de9ef6f0c1d53bd05125f7cbf85ca0c2b6a8c5e808,c4e299991ac26335258c6b0e19c85674b45cdae6e2ff1eaa1b6f0d283bf44b2c,2026-08-27T12:48:54+09:00,table2_main_abstract_present,missingness,P_table2_abstract,main,is_top10,la_prior_cites,covariate,,,,,5597,513.0,5084.0,513.0,5084.0,343.0,missing n,343.0,,,,True,none,per-variable missingness before complete-case restriction; counts may overlap
REV1-20260827-c550d47d361b,e17faa968e38c7fc622349840d4b5f9f8cdbaafdefb4ec8af883a59d9b245b4b,c550d47d361b1fb3574d89de9ef6f0c1d53bd05125f7cbf85ca0c2b6a8c5e808,c4e299991ac26335258c6b0e19c85674b45cdae6e2ff1eaa1b6f0d283bf44b2c,2026-08-27T12:48:54+09:00,table2_main_abstract_present,missingness,P_table2_abstract,main,is_top10,is_international,covariate,,,,,5597,513.0,5084.0,513.0,5084.0,0.0,missing n,0.0,,,,True,none,per-variable missingness before complete-case restriction; counts may overlap
REV1-20260827-c550d47d361b,e17faa968e38c7fc622349840d4b5f9f8cdbaafdefb4ec8af883a59d9b245b4b,c550d47d361b1fb3574d89de9ef6f0c1d53bd05125f7cbf85ca0c2b6a8c5e808,c4e299991ac26335258c6b0e19c85674b45cdae6e2ff1eaa1b6f0d283bf44b2c,2026-08-27T12:48:54+09:00,table2_main_abstract_present,missingness,P_table2_abstract,main,is_top10,is_oa,covariate,,,,,5597,513.0,5084.0,513.0,5084.0,0.0,missing n,0.0,,,,True,none,per-variable missingness before complete-case restriction; counts may overlap
REV1-20260827-c550d47d361b,e17faa968e38c7fc622349840d4b5f9f8cdbaafdefb4ec8af883a59d9b245b4b,c550d47d361b1fb3574d89de9ef6f0c1d53bd05125f7cbf85ca0c2b6a8c5e808,c4e299991ac26335258c6b0e19c85674b45cdae6e2ff1eaa1b6f0d283bf44b2c,2026-08-27T12:48:54+09:00,table2_main_abstract_present,missingness,P_table2_abstract,main,is_top10,is_review,covariate,,,,,5597,513.0,5084.0,513.0,5084.0,0.0,missing n,0.0,,,,True,none,per-variable missingness before complete-case restriction; counts may overlap
REV1-20260827-c550d47d361b,e17faa968e38c7fc622349840d4b5f9f8cdbaafdefb4ec8af883a59d9b245b4b,c550d47d361b1fb3574d89de9ef6f0c1d53bd05125f7cbf85ca0c2b6a8c5e808,c4e299991ac26335258c6b0e19c85674b45cdae6e2ff1eaa1b6f0d283bf44b2c,2026-08-27T12:48:54+09:00,table2_main_abstract_present,missingness,P_table2_abstract,main,is_top10,is_rct,covariate,,,,,5597,513.0,5084.0,513.0,5084.0,0.0,missing n,0.0,,,,True,none,per-variable missingness before complete-case restriction; counts may overlap
REV1-20260827-c550d47d361b,e17faa968e38c7fc622349840d4b5f9f8cdbaafdefb4ec8af883a59d9b245b4b,c550d47d361b1fb3574d89de9ef6f0c1d53bd05125f7cbf85ca0c2b6a8c5e808,c4e299991ac26335258c6b0e19c85674b45cdae6e2ff1eaa1b6f0d283bf44b2c,2026-08-27T12:48:54+09:00,table2_main_abstract_present,missingness,P_table2_abstract,main,is_top10,is_sr_meta,covariate,,,,,5597,513.0,5084.0,513.0,5084.0,0.0,missing n,0.0,,,,True,none,per-variable missingness before complete-case restriction; counts may overlap
REV1-20260827-c550d47d361b,e17faa968e38c7fc622349840d4b5f9f8cdbaafdefb4ec8af883a59d9b245b4b,c550d47d361b1fb3574d89de9ef6f0c1d53bd05125f7cbf85ca0c2b6a8c5e808,c4e299991ac26335258c6b0e19c85674b45cdae6e2ff1eaa1b6f0d283bf44b2c,2026-08-27T12:48:54+09:00,table2_main_abstract_present,missingness,P_table2_abstract,main,is_top10,has_usa,covariate,,,,,5597,513.0,5084.0,513.0,5084.0,0.0,missing n,0.0,,,,True,none,per-variable missingness before complete-case restriction; counts may overlap
REV1-20260827-c550d47d361b,e17faa968e38c7fc622349840d4b5f9f8cdbaafdefb4ec8af883a59d9b245b4b,c550d47d361b1fb3574d89de9ef6f0c1d53bd05125f7cbf85ca0c2b6a8c5e808,c4e299991ac26335258c6b0e19c85674b45cdae6e2ff1eaa1b6f0d283bf44b2c,2026-08-27T12:48:54+09:00,table2_no_abstract_length,model_summary,P_table2_no_abstract_length,missingness sensitivity,is_top10,pseudo_r2,model,,,,,8498,855.0,7643.0,855.0,7643.0,427.0,McFadden pseudo R2,0.08420351804674653,,,,True,none,complete-case maximum-likelihood logistic regression
REV1-20260827-c550d47d361b,e17faa968e38c7fc622349840d4b5f9f8cdbaafdefb4ec8af883a59d9b245b4b,c550d47d361b1fb3574d89de9ef6f0c1d53bd05125f7cbf85ca0c2b6a8c5e808,c4e299991ac26335258c6b0e19c85674b45cdae6e2ff1eaa1b6f0d283bf44b2c,2026-08-27T12:48:54+09:00,table2_no_abstract_length,coefficient,P_table2_no_abstract_length,missingness sensitivity,is_top10,n_references,association covariate,count,z-score,33.22946575664862,18.353608738388402,8498,855.0,7643.0,855.0,7643.0,,adjusted odds ratio,1.4700274320228557,1.3783387616559934,1.5678153375759525,9.450903292865487e-32,True,none,two-sided descriptive p-value
REV1-20260827-c550d47d361b,e17faa968e38c7fc622349840d4b5f9f8cdbaafdefb4ec8af883a59d9b245b4b,c550d47d361b1fb3574d89de9ef6f0c1d53bd05125f7cbf85ca0c2b6a8c5e808,c4e299991ac26335258c6b0e19c85674b45cdae6e2ff1eaa1b6f0d283bf44b2c,2026-08-27T12:48:54+09:00,table2_no_abstract_length,coefficient,P_table2_no_abstract_length,missingness sensitivity,is_top10,n_authors,team size,count,z-score,7.13662038126618,4.588470793964204,8498,855.0,7643.0,855.0,7643.0,,adjusted odds ratio,1.085141342827827,1.0016773925966458,1.1755598585106,0.04539159861189082,True,none,two-sided descriptive p-value
REV1-20260827-c550d47d361b,e17faa968e38c7fc622349840d4b5f9f8cdbaafdefb4ec8af883a59d9b245b4b,c550d47d361b1fb3574d89de9ef6f0c1d53bd05125f7cbf85ca0c2b6a8c5e808,c4e299991ac26335258c6b0e19c85674b45cdae6e2ff1eaa1b6f0d283bf44b2c,2026-08-27T12:48:54+09:00,table2_no_abstract_length,coefficient,P_table2_no_abstract_length,missingness sensitivity,is_top10,n_institutions,association covariate,count,z-score,3.4617557072252296,3.352642351007714,8498,855.0,7643.0,855.0,7643.0,,adjusted odds ratio,1.0104250998812447,0.9284402384954897,1.0996495413904697,0.810163961124958,True,none,two-sided descriptive p-value
REV1-20260827-c550d47d361b,e17faa968e38c7fc622349840d4b5f9f8cdbaafdefb4ec8af883a59d9b245b4b,c550d47d361b1fb3574d89de9ef6f0c1d53bd05125f7cbf85ca0c2b6a8c5e808,c4e299991ac26335258c6b0e19c85674b45cdae6e2ff1eaa1b6f0d283bf44b2c,2026-08-27T12:48:54+09:00,table2_no_abstract_length,coefficient,P_table2_no_abstract_length,missingness sensitivity,is_top10,fa_prior_works,author prominence,count,log1p then z-score,3.0229633213508382,1.4551990765685665,8498,855.0,7643.0,855.0,7643.0,,adjusted odds ratio,0.7546597604372347,0.623750861941534,0.9130429932400903,0.0037812539606818115,True,none,two-sided descriptive p-value
REV1-20260827-c550d47d361b,e17faa968e38c7fc622349840d4b5f9f8cdbaafdefb4ec8af883a59d9b245b4b,c550d47d361b1fb3574d89de9ef6f0c1d53bd05125f7cbf85ca0c2b6a8c5e808,c4e299991ac26335258c6b0e19c85674b45cdae6e2ff1eaa1b6f0d283bf44b2c,2026-08-27T12:48:54+09:00,table2_no_abstract_length,coefficient,P_table2_no_abstract_length,missingness sensitivity,is_top10,fa_prior_cites,author prominence,count,log1p then z-score,5.6220944427618464,2.328424261198932,8498,855.0,7643.0,855.0,7643.0,,adjusted odds ratio,1.5793817171234523,1.2926572881193363,1.929704517438609,7.77125227544634e-06,True,none,two-sided descriptive p-value
REV1-20260827-c550d47d361b,e17faa968e38c7fc622349840d4b5f9f8cdbaafdefb4ec8af883a59d9b245b4b,c550d47d361b1fb3574d89de9ef6f0c1d53bd05125f7cbf85ca0c2b6a8c5e808,c4e299991ac26335258c6b0e19c85674b45cdae6e2ff1eaa1b6f0d283bf44b2c,2026-08-27T12:48:54+09:00,table2_no_abstract_length,coefficient,P_table2_no_abstract_length,missingness sensitivity,is_top10,la_prior_works,author prominence,count,log1p then z-score,4.469515808378595,1.4062554311214321,8498,855.0,7643.0,855.0,7643.0,,adjusted odds ratio,0.8529112427874544,0.6791873660726953,1.0710705534463347,0.17096011858782656,True,none,two-sided descriptive p-value
REV1-20260827-c550d47d361b,e17faa968e38c7fc622349840d4b5f9f8cdbaafdefb4ec8af883a59d9b245b4b,c550d47d361b1fb3574d89de9ef6f0c1d53bd05125f7cbf85ca0c2b6a8c5e808,c4e299991ac26335258c6b0e19c85674b45cdae6e2ff1eaa1b6f0d283bf44b2c,2026-08-27T12:48:54+09:00,table2_no_abstract_length,coefficient,P_table2_no_abstract_length,missingness sensitivity,is_top10,la_prior_cites,author prominence,count,log1p then z-score,7.605003031475398,2.0482399392053834,8498,855.0,7643.0,855.0,7643.0,,adjusted odds ratio,1.2891009442735177,1.017834398298449,1.6326636703425776,0.035151764545476624,True,none,two-sided descriptive p-value
REV1-20260827-c550d47d361b,e17faa968e38c7fc622349840d4b5f9f8cdbaafdefb4ec8af883a59d9b245b4b,c550d47d361b1fb3574d89de9ef6f0c1d53bd05125f7cbf85ca0c2b6a8c5e808,c4e299991ac26335258c6b0e19c85674b45cdae6e2ff1eaa1b6f0d283bf44b2c,2026-08-27T12:48:54+09:00,table2_no_abstract_length,coefficient,P_table2_no_abstract_length,missingness sensitivity,is_top10,is_international,association covariate,0/1,none,,,8498,855.0,7643.0,855.0,7643.0,,adjusted odds ratio,1.1017436457508563,0.925972169419494,1.3108807165482765,0.27454583741989713,True,none,two-sided descriptive p-value
REV1-20260827-c550d47d361b,e17faa968e38c7fc622349840d4b5f9f8cdbaafdefb4ec8af883a59d9b245b4b,c550d47d361b1fb3574d89de9ef6f0c1d53bd05125f7cbf85ca0c2b6a8c5e808,c4e299991ac26335258c6b0e19c85674b45cdae6e2ff1eaa1b6f0d283bf44b2c,2026-08-27T12:48:54+09:00,table2_no_abstract_length,coefficient,P_table2_no_abstract_length,missingness sensitivity,is_top10,is_oa,association covariate,0/1,none,,,8498,855.0,7643.0,855.0,7643.0,,adjusted odds ratio,1.0215221870958924,0.8797917192419841,1.1860847924645697,0.7799229465061259,True,none,two-sided descriptive p-value
REV1-20260827-c550d47d361b,e17faa968e38c7fc622349840d4b5f9f8cdbaafdefb4ec8af883a59d9b245b4b,c550d47d361b1fb3574d89de9ef6f0c1d53bd05125f7cbf85ca0c2b6a8c5e808,c4e299991ac26335258c6b0e19c85674b45cdae6e2ff1eaa1b6f0d283bf44b2c,2026-08-27T12:48:54+09:00,table2_no_abstract_length,coefficient,P_table2_no_abstract_length,missingness sensitivity,is_top10,is_review,association covariate,0/1,none,,,8498,855.0,7643.0,855.0,7643.0,,adjusted odds ratio,2.197139757102964,1.694509765917727,2.8488611923862206,2.863206934821807e-09,True,none,two-sided descriptive p-value
REV1-20260827-c550d47d361b,e17faa968e38c7fc622349840d4b5f9f8cdbaafdefb4ec8af883a59d9b245b4b,c550d47d361b1fb3574d89de9ef6f0c1d53bd05125f7cbf85ca0c2b6a8c5e808,c4e299991ac26335258c6b0e19c85674b45cdae6e2ff1eaa1b6f0d283bf44b2c,2026-08-27T12:48:54+09:00,table2_no_abstract_length,coefficient,P_table2_no_abstract_length,missingness sensitivity,is_top10,is_rct,association covariate,0/1,none,,,8498,855.0,7643.0,855.0,7643.0,,adjusted odds ratio,1.6538149832266253,1.249061869944591,2.189726597663424,0.00044333253011714696,True,none,two-sided descriptive p-value
REV1-20260827-c550d47d361b,e17faa968e38c7fc622349840d4b5f9f8cdbaafdefb4ec8af883a59d9b245b4b,c550d47d361b1fb3574d89de9ef6f0c1d53bd05125f7cbf85ca0c2b6a8c5e808,c4e299991ac26335258c6b0e19c85674b45cdae6e2ff1eaa1b6f0d283bf44b2c,2026-08-27T12:48:54+09:00,table2_no_abstract_length,coefficient,P_table2_no_abstract_length,missingness sensitivity,is_top10,is_sr_meta,association covariate,0/1,none,,,8498,855.0,7643.0,855.0,7643.0,,adjusted odds ratio,1.3834182779218274,1.0266078490454218,1.8642426448110245,0.032965313917281504,True,none,two-sided descriptive p-value
REV1-20260827-c550d47d361b,e17faa968e38c7fc622349840d4b5f9f8cdbaafdefb4ec8af883a59d9b245b4b,c550d47d361b1fb3574d89de9ef6f0c1d53bd05125f7cbf85ca0c2b6a8c5e808,c4e299991ac26335258c6b0e19c85674b45cdae6e2ff1eaa1b6f0d283bf44b2c,2026-08-27T12:48:54+09:00,table2_no_abstract_length,coefficient,P_table2_no_abstract_length,missingness sensitivity,is_top10,has_usa,association covariate,0/1,none,,,8498,855.0,7643.0,855.0,7643.0,,adjusted odds ratio,1.0131674506313268,0.8680116293440409,1.1825973850079836,0.8683074120405351,True,none,two-sided descriptive p-value
REV1-20260827-c550d47d361b,e17faa968e38c7fc622349840d4b5f9f8cdbaafdefb4ec8af883a59d9b245b4b,c550d47d361b1fb3574d89de9ef6f0c1d53bd05125f7cbf85ca0c2b6a8c5e808,c4e299991ac26335258c6b0e19c85674b45cdae6e2ff1eaa1b6f0d283bf44b2c,2026-08-27T12:48:54+09:00,table2_no_abstract_length,standardization,P_table2_no_abstract_length,missingness sensitivity,is_top10,n_references,continuous covariate,count,z-score,33.22946575664862,18.353608738388402,8498,855.0,7643.0,855.0,7643.0,,raw-unit SD,18.353608738388402,,,,True,none,estimation-population standardization
REV1-20260827-c550d47d361b,e17faa968e38c7fc622349840d4b5f9f8cdbaafdefb4ec8af883a59d9b245b4b,c550d47d361b1fb3574d89de9ef6f0c1d53bd05125f7cbf85ca0c2b6a8c5e808,c4e299991ac26335258c6b0e19c85674b45cdae6e2ff1eaa1b6f0d283bf44b2c,2026-08-27T12:48:54+09:00,table2_no_abstract_length,standardization,P_table2_no_abstract_length,missingness sensitivity,is_top10,n_authors,continuous covariate,count,z-score,7.13662038126618,4.588470793964204,8498,855.0,7643.0,855.0,7643.0,,raw-unit SD,4.588470793964204,,,,True,none,estimation-population standardization
REV1-20260827-c550d47d361b,e17faa968e38c7fc622349840d4b5f9f8cdbaafdefb4ec8af883a59d9b245b4b,c550d47d361b1fb3574d89de9ef6f0c1d53bd05125f7cbf85ca0c2b6a8c5e808,c4e299991ac26335258c6b0e19c85674b45cdae6e2ff1eaa1b6f0d283bf44b2c,2026-08-27T12:48:54+09:00,table2_no_abstract_length,standardization,P_table2_no_abstract_length,missingness sensitivity,is_top10,n_institutions,continuous covariate,count,z-score,3.4617557072252296,3.352642351007714,8498,855.0,7643.0,855.0,7643.0,,raw-unit SD,3.352642351007714,,,,True,none,estimation-population standardization
REV1-20260827-c550d47d361b,e17faa968e38c7fc622349840d4b5f9f8cdbaafdefb4ec8af883a59d9b245b4b,c550d47d361b1fb3574d89de9ef6f0c1d53bd05125f7cbf85ca0c2b6a8c5e808,c4e299991ac26335258c6b0e19c85674b45cdae6e2ff1eaa1b6f0d283bf44b2c,2026-08-27T12:48:54+09:00,table2_no_abstract_length,standardization,P_table2_no_abstract_length,missingness sensitivity,is_top10,fa_prior_works,continuous covariate,count,log1p then z-score,3.0229633213508382,1.4551990765685665,8498,855.0,7643.0,855.0,7643.0,,raw-unit SD,1.4551990765685665,,,,True,none,estimation-population standardization
REV1-20260827-c550d47d361b,e17faa968e38c7fc622349840d4b5f9f8cdbaafdefb4ec8af883a59d9b245b4b,c550d47d361b1fb3574d89de9ef6f0c1d53bd05125f7cbf85ca0c2b6a8c5e808,c4e299991ac26335258c6b0e19c85674b45cdae6e2ff1eaa1b6f0d283bf44b2c,2026-08-27T12:48:54+09:00,table2_no_abstract_length,standardization,P_table2_no_abstract_length,missingness sensitivity,is_top10,fa_prior_cites,continuous covariate,count,log1p then z-score,5.6220944427618464,2.328424261198932,8498,855.0,7643.0,855.0,7643.0,,raw-unit SD,2.328424261198932,,,,True,none,estimation-population standardization
REV1-20260827-c550d47d361b,e17faa968e38c7fc622349840d4b5f9f8cdbaafdefb4ec8af883a59d9b245b4b,c550d47d361b1fb3574d89de9ef6f0c1d53bd05125f7cbf85ca0c2b6a8c5e808,c4e299991ac26335258c6b0e19c85674b45cdae6e2ff1eaa1b6f0d283bf44b2c,2026-08-27T12:48:54+09:00,table2_no_abstract_length,standardization,P_table2_no_abstract_length,missingness sensitivity,is_top10,la_prior_works,continuous covariate,count,log1p then z-score,4.469515808378595,1.4062554311214321,8498,855.0,7643.0,855.0,7643.0,,raw-unit SD,1.4062554311214321,,,,True,none,estimation-population standardization
REV1-20260827-c550d47d361b,e17faa968e38c7fc622349840d4b5f9f8cdbaafdefb4ec8af883a59d9b245b4b,c550d47d361b1fb3574d89de9ef6f0c1d53bd05125f7cbf85ca0c2b6a8c5e808,c4e299991ac26335258c6b0e19c85674b45cdae6e2ff1eaa1b6f0d283bf44b2c,2026-08-27T12:48:54+09:00,table2_no_abstract_length,standardization,P_table2_no_abstract_length,missingness sensitivity,is_top10,la_prior_cites,continuous covariate,count,log1p then z-score,7.605003031475398,2.0482399392053834,8498,855.0,7643.0,855.0,7643.0,,raw-unit SD,2.0482399392053834,,,,True,none,estimation-population standardization
REV1-20260827-c550d47d361b,e17faa968e38c7fc622349840d4b5f9f8cdbaafdefb4ec8af883a59d9b245b4b,c550d47d361b1fb3574d89de9ef6f0c1d53bd05125f7cbf85ca0c2b6a8c5e808,c4e299991ac26335258c6b0e19c85674b45cdae6e2ff1eaa1b6f0d283bf44b2c,2026-08-27T12:48:54+09:00,table2_no_abstract_length,missingness,P_table2_no_abstract_length,missingness sensitivity,is_top10,n_references,covariate,,,,,8498,855.0,7643.0,855.0,7643.0,0.0,missing n,0.0,,,,True,none,per-variable missingness before complete-case restriction; counts may overlap
REV1-20260827-c550d47d361b,e17faa968e38c7fc622349840d4b5f9f8cdbaafdefb4ec8af883a59d9b245b4b,c550d47d361b1fb3574d89de9ef6f0c1d53bd05125f7cbf85ca0c2b6a8c5e808,c4e299991ac26335258c6b0e19c85674b45cdae6e2ff1eaa1b6f0d283bf44b2c,2026-08-27T12:48:54+09:00,table2_no_abstract_length,missingness,P_table2_no_abstract_length,missingness sensitivity,is_top10,n_authors,covariate,,,,,8498,855.0,7643.0,855.0,7643.0,0.0,missing n,0.0,,,,True,none,per-variable missingness before complete-case restriction; counts may overlap
REV1-20260827-c550d47d361b,e17faa968e38c7fc622349840d4b5f9f8cdbaafdefb4ec8af883a59d9b245b4b,c550d47d361b1fb3574d89de9ef6f0c1d53bd05125f7cbf85ca0c2b6a8c5e808,c4e299991ac26335258c6b0e19c85674b45cdae6e2ff1eaa1b6f0d283bf44b2c,2026-08-27T12:48:54+09:00,table2_no_abstract_length,missingness,P_table2_no_abstract_length,missingness sensitivity,is_top10,n_institutions,covariate,,,,,8498,855.0,7643.0,855.0,7643.0,0.0,missing n,0.0,,,,True,none,per-variable missingness before complete-case restriction; counts may overlap
REV1-20260827-c550d47d361b,e17faa968e38c7fc622349840d4b5f9f8cdbaafdefb4ec8af883a59d9b245b4b,c550d47d361b1fb3574d89de9ef6f0c1d53bd05125f7cbf85ca0c2b6a8c5e808,c4e299991ac26335258c6b0e19c85674b45cdae6e2ff1eaa1b6f0d283bf44b2c,2026-08-27T12:48:54+09:00,table2_no_abstract_length,missingness,P_table2_no_abstract_length,missingness sensitivity,is_top10,fa_prior_works,covariate,,,,,8498,855.0,7643.0,855.0,7643.0,279.0,missing n,279.0,,,,True,none,per-variable missingness before complete-case restriction; counts may overlap
REV1-20260827-c550d47d361b,e17faa968e38c7fc622349840d4b5f9f8cdbaafdefb4ec8af883a59d9b245b4b,c550d47d361b1fb3574d89de9ef6f0c1d53bd05125f7cbf85ca0c2b6a8c5e808,c4e299991ac26335258c6b0e19c85674b45cdae6e2ff1eaa1b6f0d283bf44b2c,2026-08-27T12:48:54+09:00,table2_no_abstract_length,missingness,P_table2_no_abstract_length,missingness sensitivity,is_top10,fa_prior_cites,covariate,,,,,8498,855.0,7643.0,855.0,7643.0,279.0,missing n,279.0,,,,True,none,per-variable missingness before complete-case restriction; counts may overlap
REV1-20260827-c550d47d361b,e17faa968e38c7fc622349840d4b5f9f8cdbaafdefb4ec8af883a59d9b245b4b,c550d47d361b1fb3574d89de9ef6f0c1d53bd05125f7cbf85ca0c2b6a8c5e808,c4e299991ac26335258c6b0e19c85674b45cdae6e2ff1eaa1b6f0d283bf44b2c,2026-08-27T12:48:54+09:00,table2_no_abstract_length,missingness,P_table2_no_abstract_length,missingness sensitivity,is_top10,la_prior_works,covariate,,,,,8498,855.0,7643.0,855.0,7643.0,343.0,missing n,343.0,,,,True,none,per-variable missingness before complete-case restriction; counts may overlap
REV1-20260827-c550d47d361b,e17faa968e38c7fc622349840d4b5f9f8cdbaafdefb4ec8af883a59d9b245b4b,c550d47d361b1fb3574d89de9ef6f0c1d53bd05125f7cbf85ca0c2b6a8c5e808,c4e299991ac26335258c6b0e19c85674b45cdae6e2ff1eaa1b6f0d283bf44b2c,2026-08-27T12:48:54+09:00,table2_no_abstract_length,missingness,P_table2_no_abstract_length,missingness sensitivity,is_top10,la_prior_cites,covariate,,,,,8498,855.0,7643.0,855.0,7643.0,343.0,missing n,343.0,,,,True,none,per-variable missingness before complete-case restriction; counts may overlap
REV1-20260827-c550d47d361b,e17faa968e38c7fc622349840d4b5f9f8cdbaafdefb4ec8af883a59d9b245b4b,c550d47d361b1fb3574d89de9ef6f0c1d53bd05125f7cbf85ca0c2b6a8c5e808,c4e299991ac26335258c6b0e19c85674b45cdae6e2ff1eaa1b6f0d283bf44b2c,2026-08-27T12:48:54+09:00,table2_no_abstract_length,missingness,P_table2_no_abstract_length,missingness sensitivity,is_top10,is_international,covariate,,,,,8498,855.0,7643.0,855.0,7643.0,0.0,missing n,0.0,,,,True,none,per-variable missingness before complete-case restriction; counts may overlap
REV1-20260827-c550d47d361b,e17faa968e38c7fc622349840d4b5f9f8cdbaafdefb4ec8af883a59d9b245b4b,c550d47d361b1fb3574d89de9ef6f0c1d53bd05125f7cbf85ca0c2b6a8c5e808,c4e299991ac26335258c6b0e19c85674b45cdae6e2ff1eaa1b6f0d283bf44b2c,2026-08-27T12:48:54+09:00,table2_no_abstract_length,missingness,P_table2_no_abstract_length,missingness sensitivity,is_top10,is_oa,covariate,,,,,8498,855.0,7643.0,855.0,7643.0,0.0,missing n,0.0,,,,True,none,per-variable missingness before complete-case restriction; counts may overlap
REV1-20260827-c550d47d361b,e17faa968e38c7fc622349840d4b5f9f8cdbaafdefb4ec8af883a59d9b245b4b,c550d47d361b1fb3574d89de9ef6f0c1d53bd05125f7cbf85ca0c2b6a8c5e808,c4e299991ac26335258c6b0e19c85674b45cdae6e2ff1eaa1b6f0d283bf44b2c,2026-08-27T12:48:54+09:00,table2_no_abstract_length,missingness,P_table2_no_abstract_length,missingness sensitivity,is_top10,is_review,covariate,,,,,8498,855.0,7643.0,855.0,7643.0,0.0,missing n,0.0,,,,True,none,per-variable missingness before complete-case restriction; counts may overlap
REV1-20260827-c550d47d361b,e17faa968e38c7fc622349840d4b5f9f8cdbaafdefb4ec8af883a59d9b245b4b,c550d47d361b1fb3574d89de9ef6f0c1d53bd05125f7cbf85ca0c2b6a8c5e808,c4e299991ac26335258c6b0e19c85674b45cdae6e2ff1eaa1b6f0d283bf44b2c,2026-08-27T12:48:54+09:00,table2_no_abstract_length,missingness,P_table2_no_abstract_length,missingness sensitivity,is_top10,is_rct,covariate,,,,,8498,855.0,7643.0,855.0,7643.0,0.0,missing n,0.0,,,,True,none,per-variable missingness before complete-case restriction; counts may overlap
REV1-20260827-c550d47d361b,e17faa968e38c7fc622349840d4b5f9f8cdbaafdefb4ec8af883a59d9b245b4b,c550d47d361b1fb3574d89de9ef6f0c1d53bd05125f7cbf85ca0c2b6a8c5e808,c4e299991ac26335258c6b0e19c85674b45cdae6e2ff1eaa1b6f0d283bf44b2c,2026-08-27T12:48:54+09:00,table2_no_abstract_length,missingness,P_table2_no_abstract_length,missingness sensitivity,is_top10,is_sr_meta,covariate,,,,,8498,855.0,7643.0,855.0,7643.0,0.0,missing n,0.0,,,,True,none,per-variable missingness before complete-case restriction; counts may overlap
REV1-20260827-c550d47d361b,e17faa968e38c7fc622349840d4b5f9f8cdbaafdefb4ec8af883a59d9b245b4b,c550d47d361b1fb3574d89de9ef6f0c1d53bd05125f7cbf85ca0c2b6a8c5e808,c4e299991ac26335258c6b0e19c85674b45cdae6e2ff1eaa1b6f0d283bf44b2c,2026-08-27T12:48:54+09:00,table2_no_abstract_length,missingness,P_table2_no_abstract_length,missingness sensitivity,is_top10,has_usa,covariate,,,,,8498,855.0,7643.0,855.0,7643.0,0.0,missing n,0.0,,,,True,none,per-variable missingness before complete-case restriction; counts may overlap
