freeze_id,plan_sha256,source_cohort_sha256,analysis_script_sha256,generated_at,model_id,sensitivity,predictor_set,label_definition,training_population,validation_year,population,notes,n,events,non_events,event_rate,metric,estimate,ci_lower,ci_upper,bootstrap_requested,bootstrap_valid,random_seed
REV1-20260827-c550d47d361b,e17faa968e38c7fc622349840d4b5f9f8cdbaafdefb4ec8af883a59d9b245b4b,c550d47d361b1fb3574d89de9ef6f0c1d53bd05125f7cbf85ca0c2b6a8c5e808,c4e299991ac26335258c6b0e19c85674b45cdae6e2ff1eaa1b6f0d283bf44b2c,2026-08-31T16:40:40+09:00,B,original_articles_only,reduced,cumulative citations,2018-2021 original articles,2022,P_valid_2022_original_articles,reviews excluded from training and validation; restores submitted Supplementary Table S4 on the locked reduced set,1786,402,1384,0.22508398656215006,roc_auc,0.6977189557990395,0.6680607991069322,0.7251763866012068,1000,1000,42
REV1-20260827-c550d47d361b,e17faa968e38c7fc622349840d4b5f9f8cdbaafdefb4ec8af883a59d9b245b4b,c550d47d361b1fb3574d89de9ef6f0c1d53bd05125f7cbf85ca0c2b6a8c5e808,c4e299991ac26335258c6b0e19c85674b45cdae6e2ff1eaa1b6f0d283bf44b2c,2026-08-31T16:40:40+09:00,B,original_articles_only,reduced,cumulative citations,2018-2021 original articles,2022,P_valid_2022_original_articles,reviews excluded from training and validation; restores submitted Supplementary Table S4 on the locked reduced set,1786,402,1384,0.22508398656215006,pr_auc,0.4217421345110012,0.37805861924514905,0.47505502606449085,1000,1000,42
REV1-20260827-c550d47d361b,e17faa968e38c7fc622349840d4b5f9f8cdbaafdefb4ec8af883a59d9b245b4b,c550d47d361b1fb3574d89de9ef6f0c1d53bd05125f7cbf85ca0c2b6a8c5e808,c4e299991ac26335258c6b0e19c85674b45cdae6e2ff1eaa1b6f0d283bf44b2c,2026-08-31T16:40:40+09:00,B,original_articles_only,reduced,cumulative citations,2018-2021 original articles,2022,P_valid_2022_original_articles,reviews excluded from training and validation; restores submitted Supplementary Table S4 on the locked reduced set,1786,402,1384,0.22508398656215006,brier_score,0.15817489398695703,0.14941306825146927,0.16865598645740093,1000,1000,42
REV1-20260827-c550d47d361b,e17faa968e38c7fc622349840d4b5f9f8cdbaafdefb4ec8af883a59d9b245b4b,c550d47d361b1fb3574d89de9ef6f0c1d53bd05125f7cbf85ca0c2b6a8c5e808,c4e299991ac26335258c6b0e19c85674b45cdae6e2ff1eaa1b6f0d283bf44b2c,2026-08-31T16:40:40+09:00,B,original_articles_only,reduced,cumulative citations,2018-2021 original articles,2022,P_valid_2022_original_articles,reviews excluded from training and validation; restores submitted Supplementary Table S4 on the locked reduced set,1786,402,1384,0.22508398656215006,calibration_slope,1.2161889581721543,1.019265109148942,1.4321104049544982,1000,1000,42
REV1-20260827-c550d47d361b,e17faa968e38c7fc622349840d4b5f9f8cdbaafdefb4ec8af883a59d9b245b4b,c550d47d361b1fb3574d89de9ef6f0c1d53bd05125f7cbf85ca0c2b6a8c5e808,c4e299991ac26335258c6b0e19c85674b45cdae6e2ff1eaa1b6f0d283bf44b2c,2026-08-31T16:40:40+09:00,B,original_articles_only,reduced,cumulative citations,2018-2021 original articles,2022,P_valid_2022_original_articles,reviews excluded from training and validation; restores submitted Supplementary Table S4 on the locked reduced set,1786,402,1384,0.22508398656215006,calibration_in_the_large,-0.10641461847740917,-0.21902762351404026,0.013322050496929088,1000,1000,42
REV1-20260827-c550d47d361b,e17faa968e38c7fc622349840d4b5f9f8cdbaafdefb4ec8af883a59d9b245b4b,c550d47d361b1fb3574d89de9ef6f0c1d53bd05125f7cbf85ca0c2b6a8c5e808,c4e299991ac26335258c6b0e19c85674b45cdae6e2ff1eaa1b6f0d283bf44b2c,2026-08-31T16:40:40+09:00,B,original_articles_only,reduced,cumulative citations,2018-2021 original articles,2023,P_valid_2023_original_articles,reviews excluded from training and validation; restores submitted Supplementary Table S4 on the locked reduced set,1986,425,1561,0.21399798590130917,roc_auc,0.6623378678825791,0.6334574701896841,0.690155019611006,1000,1000,42
REV1-20260827-c550d47d361b,e17faa968e38c7fc622349840d4b5f9f8cdbaafdefb4ec8af883a59d9b245b4b,c550d47d361b1fb3574d89de9ef6f0c1d53bd05125f7cbf85ca0c2b6a8c5e808,c4e299991ac26335258c6b0e19c85674b45cdae6e2ff1eaa1b6f0d283bf44b2c,2026-08-31T16:40:40+09:00,B,original_articles_only,reduced,cumulative citations,2018-2021 original articles,2023,P_valid_2023_original_articles,reviews excluded from training and validation; restores submitted Supplementary Table S4 on the locked reduced set,1986,425,1561,0.21399798590130917,pr_auc,0.3423087203563201,0.3038153526693494,0.3841487683254614,1000,1000,42
REV1-20260827-c550d47d361b,e17faa968e38c7fc622349840d4b5f9f8cdbaafdefb4ec8af883a59d9b245b4b,c550d47d361b1fb3574d89de9ef6f0c1d53bd05125f7cbf85ca0c2b6a8c5e808,c4e299991ac26335258c6b0e19c85674b45cdae6e2ff1eaa1b6f0d283bf44b2c,2026-08-31T16:40:40+09:00,B,original_articles_only,reduced,cumulative citations,2018-2021 original articles,2023,P_valid_2023_original_articles,reviews excluded from training and validation; restores submitted Supplementary Table S4 on the locked reduced set,1986,425,1561,0.21399798590130917,brier_score,0.16026567890086635,0.15123106898569533,0.1692943654949138,1000,1000,42
REV1-20260827-c550d47d361b,e17faa968e38c7fc622349840d4b5f9f8cdbaafdefb4ec8af883a59d9b245b4b,c550d47d361b1fb3574d89de9ef6f0c1d53bd05125f7cbf85ca0c2b6a8c5e808,c4e299991ac26335258c6b0e19c85674b45cdae6e2ff1eaa1b6f0d283bf44b2c,2026-08-31T16:40:40+09:00,B,original_articles_only,reduced,cumulative citations,2018-2021 original articles,2023,P_valid_2023_original_articles,reviews excluded from training and validation; restores submitted Supplementary Table S4 on the locked reduced set,1986,425,1561,0.21399798590130917,calibration_slope,0.8770416897945087,0.7015580900395703,1.0697450244303486,1000,1000,42
REV1-20260827-c550d47d361b,e17faa968e38c7fc622349840d4b5f9f8cdbaafdefb4ec8af883a59d9b245b4b,c550d47d361b1fb3574d89de9ef6f0c1d53bd05125f7cbf85ca0c2b6a8c5e808,c4e299991ac26335258c6b0e19c85674b45cdae6e2ff1eaa1b6f0d283bf44b2c,2026-08-31T16:40:40+09:00,B,original_articles_only,reduced,cumulative citations,2018-2021 original articles,2023,P_valid_2023_original_articles,reviews excluded from training and validation; restores submitted Supplementary Table S4 on the locked reduced set,1986,425,1561,0.21399798590130917,calibration_in_the_large,-0.2016861647647527,-0.3165854135901107,-0.09419281580292384,1000,1000,42
REV1-20260827-c550d47d361b,e17faa968e38c7fc622349840d4b5f9f8cdbaafdefb4ec8af883a59d9b245b4b,c550d47d361b1fb3574d89de9ef6f0c1d53bd05125f7cbf85ca0c2b6a8c5e808,c4e299991ac26335258c6b0e19c85674b45cdae6e2ff1eaa1b6f0d283bf44b2c,2026-08-31T16:40:40+09:00,B,country_blind,reduced_without_geography,cumulative citations,2018-2021,2022,P_valid_2022,n_countries and is_international removed; has_korea/has_usa were already expanded-only,2074,529,1545,0.2550626808100289,roc_auc,0.7182581777916445,0.6934663547859187,0.7443421894192596,1000,1000,42
REV1-20260827-c550d47d361b,e17faa968e38c7fc622349840d4b5f9f8cdbaafdefb4ec8af883a59d9b245b4b,c550d47d361b1fb3574d89de9ef6f0c1d53bd05125f7cbf85ca0c2b6a8c5e808,c4e299991ac26335258c6b0e19c85674b45cdae6e2ff1eaa1b6f0d283bf44b2c,2026-08-31T16:40:40+09:00,B,country_blind,reduced_without_geography,cumulative citations,2018-2021,2022,P_valid_2022,n_countries and is_international removed; has_korea/has_usa were already expanded-only,2074,529,1545,0.2550626808100289,pr_auc,0.4676892675483292,0.4245457085423295,0.5128957774677624,1000,1000,42
REV1-20260827-c550d47d361b,e17faa968e38c7fc622349840d4b5f9f8cdbaafdefb4ec8af883a59d9b245b4b,c550d47d361b1fb3574d89de9ef6f0c1d53bd05125f7cbf85ca0c2b6a8c5e808,c4e299991ac26335258c6b0e19c85674b45cdae6e2ff1eaa1b6f0d283bf44b2c,2026-08-31T16:40:40+09:00,B,country_blind,reduced_without_geography,cumulative citations,2018-2021,2022,P_valid_2022,n_countries and is_international removed; has_korea/has_usa were already expanded-only,2074,529,1545,0.2550626808100289,brier_score,0.16830077045221034,0.16013714636929577,0.17671093711094027,1000,1000,42
REV1-20260827-c550d47d361b,e17faa968e38c7fc622349840d4b5f9f8cdbaafdefb4ec8af883a59d9b245b4b,c550d47d361b1fb3574d89de9ef6f0c1d53bd05125f7cbf85ca0c2b6a8c5e808,c4e299991ac26335258c6b0e19c85674b45cdae6e2ff1eaa1b6f0d283bf44b2c,2026-08-31T16:40:40+09:00,B,country_blind,reduced_without_geography,cumulative citations,2018-2021,2022,P_valid_2022,n_countries and is_international removed; has_korea/has_usa were already expanded-only,2074,529,1545,0.2550626808100289,calibration_slope,1.3002588883110615,1.1243340762657976,1.497646307360119,1000,1000,42
REV1-20260827-c550d47d361b,e17faa968e38c7fc622349840d4b5f9f8cdbaafdefb4ec8af883a59d9b245b4b,c550d47d361b1fb3574d89de9ef6f0c1d53bd05125f7cbf85ca0c2b6a8c5e808,c4e299991ac26335258c6b0e19c85674b45cdae6e2ff1eaa1b6f0d283bf44b2c,2026-08-31T16:40:40+09:00,B,country_blind,reduced_without_geography,cumulative citations,2018-2021,2022,P_valid_2022,n_countries and is_international removed; has_korea/has_usa were already expanded-only,2074,529,1545,0.2550626808100289,calibration_in_the_large,-0.09837507160598499,-0.20833453555016251,-0.0017468553827275557,1000,1000,42
REV1-20260827-c550d47d361b,e17faa968e38c7fc622349840d4b5f9f8cdbaafdefb4ec8af883a59d9b245b4b,c550d47d361b1fb3574d89de9ef6f0c1d53bd05125f7cbf85ca0c2b6a8c5e808,c4e299991ac26335258c6b0e19c85674b45cdae6e2ff1eaa1b6f0d283bf44b2c,2026-08-31T16:40:40+09:00,B,country_blind,reduced_without_geography,cumulative citations,2018-2021,2023,P_valid_2023,n_countries and is_international removed; has_korea/has_usa were already expanded-only,2300,572,1728,0.24869565217391304,roc_auc,0.7054762367262367,0.6814152734389181,0.7291085729418578,1000,1000,42
REV1-20260827-c550d47d361b,e17faa968e38c7fc622349840d4b5f9f8cdbaafdefb4ec8af883a59d9b245b4b,c550d47d361b1fb3574d89de9ef6f0c1d53bd05125f7cbf85ca0c2b6a8c5e808,c4e299991ac26335258c6b0e19c85674b45cdae6e2ff1eaa1b6f0d283bf44b2c,2026-08-31T16:40:40+09:00,B,country_blind,reduced_without_geography,cumulative citations,2018-2021,2023,P_valid_2023,n_countries and is_international removed; has_korea/has_usa were already expanded-only,2300,572,1728,0.24869565217391304,pr_auc,0.4727355543567695,0.4318093290695183,0.514624555670688,1000,1000,42
REV1-20260827-c550d47d361b,e17faa968e38c7fc622349840d4b5f9f8cdbaafdefb4ec8af883a59d9b245b4b,c550d47d361b1fb3574d89de9ef6f0c1d53bd05125f7cbf85ca0c2b6a8c5e808,c4e299991ac26335258c6b0e19c85674b45cdae6e2ff1eaa1b6f0d283bf44b2c,2026-08-31T16:40:40+09:00,B,country_blind,reduced_without_geography,cumulative citations,2018-2021,2023,P_valid_2023,n_countries and is_international removed; has_korea/has_usa were already expanded-only,2300,572,1728,0.24869565217391304,brier_score,0.16664235629903318,0.1593147638071572,0.17454573956422934,1000,1000,42
REV1-20260827-c550d47d361b,e17faa968e38c7fc622349840d4b5f9f8cdbaafdefb4ec8af883a59d9b245b4b,c550d47d361b1fb3574d89de9ef6f0c1d53bd05125f7cbf85ca0c2b6a8c5e808,c4e299991ac26335258c6b0e19c85674b45cdae6e2ff1eaa1b6f0d283bf44b2c,2026-08-31T16:40:40+09:00,B,country_blind,reduced_without_geography,cumulative citations,2018-2021,2023,P_valid_2023,n_countries and is_international removed; has_korea/has_usa were already expanded-only,2300,572,1728,0.24869565217391304,calibration_slope,1.2801210829405534,1.1133745392645038,1.4502817605226734,1000,1000,42
REV1-20260827-c550d47d361b,e17faa968e38c7fc622349840d4b5f9f8cdbaafdefb4ec8af883a59d9b245b4b,c550d47d361b1fb3574d89de9ef6f0c1d53bd05125f7cbf85ca0c2b6a8c5e808,c4e299991ac26335258c6b0e19c85674b45cdae6e2ff1eaa1b6f0d283bf44b2c,2026-08-31T16:40:40+09:00,B,country_blind,reduced_without_geography,cumulative citations,2018-2021,2023,P_valid_2023,n_countries and is_international removed; has_korea/has_usa were already expanded-only,2300,572,1728,0.24869565217391304,calibration_in_the_large,-0.12941978516868385,-0.22342705243069003,-0.03290260428614994,1000,1000,42
REV1-20260827-c550d47d361b,e17faa968e38c7fc622349840d4b5f9f8cdbaafdefb4ec8af883a59d9b245b4b,c550d47d361b1fb3574d89de9ef6f0c1d53bd05125f7cbf85ca0c2b6a8c5e808,c4e299991ac26335258c6b0e19c85674b45cdae6e2ff1eaa1b6f0d283bf44b2c,2026-08-31T16:40:40+09:00,B,fixed_3_year_window,reduced,citations within 3 years of publication (c2_early),2018-2021,2022,P_valid_2022,outcome relabelled on a fixed window; same average-rank tie convention,2074,537,1537,0.2589199614271938,roc_auc,0.6938502657599207,0.6661338841833476,0.7217246409463305,1000,1000,42
REV1-20260827-c550d47d361b,e17faa968e38c7fc622349840d4b5f9f8cdbaafdefb4ec8af883a59d9b245b4b,c550d47d361b1fb3574d89de9ef6f0c1d53bd05125f7cbf85ca0c2b6a8c5e808,c4e299991ac26335258c6b0e19c85674b45cdae6e2ff1eaa1b6f0d283bf44b2c,2026-08-31T16:40:40+09:00,B,fixed_3_year_window,reduced,citations within 3 years of publication (c2_early),2018-2021,2022,P_valid_2022,outcome relabelled on a fixed window; same average-rank tie convention,2074,537,1537,0.2589199614271938,pr_auc,0.4381482724271505,0.3994303223062188,0.4857538478820871,1000,1000,42
REV1-20260827-c550d47d361b,e17faa968e38c7fc622349840d4b5f9f8cdbaafdefb4ec8af883a59d9b245b4b,c550d47d361b1fb3574d89de9ef6f0c1d53bd05125f7cbf85ca0c2b6a8c5e808,c4e299991ac26335258c6b0e19c85674b45cdae6e2ff1eaa1b6f0d283bf44b2c,2026-08-31T16:40:40+09:00,B,fixed_3_year_window,reduced,citations within 3 years of publication (c2_early),2018-2021,2022,P_valid_2022,outcome relabelled on a fixed window; same average-rank tie convention,2074,537,1537,0.2589199614271938,brier_score,0.1751289359943567,0.16610486502132088,0.18389658639805406,1000,1000,42
REV1-20260827-c550d47d361b,e17faa968e38c7fc622349840d4b5f9f8cdbaafdefb4ec8af883a59d9b245b4b,c550d47d361b1fb3574d89de9ef6f0c1d53bd05125f7cbf85ca0c2b6a8c5e808,c4e299991ac26335258c6b0e19c85674b45cdae6e2ff1eaa1b6f0d283bf44b2c,2026-08-31T16:40:40+09:00,B,fixed_3_year_window,reduced,citations within 3 years of publication (c2_early),2018-2021,2022,P_valid_2022,outcome relabelled on a fixed window; same average-rank tie convention,2074,537,1537,0.2589199614271938,calibration_slope,1.3043410029932816,1.089886580299943,1.541097108344306,1000,1000,42
REV1-20260827-c550d47d361b,e17faa968e38c7fc622349840d4b5f9f8cdbaafdefb4ec8af883a59d9b245b4b,c550d47d361b1fb3574d89de9ef6f0c1d53bd05125f7cbf85ca0c2b6a8c5e808,c4e299991ac26335258c6b0e19c85674b45cdae6e2ff1eaa1b6f0d283bf44b2c,2026-08-31T16:40:40+09:00,B,fixed_3_year_window,reduced,citations within 3 years of publication (c2_early),2018-2021,2022,P_valid_2022,outcome relabelled on a fixed window; same average-rank tie convention,2074,537,1537,0.2589199614271938,calibration_in_the_large,-0.02894065740350456,-0.12907118666566975,0.06937347589299525,1000,1000,42
REV1-20260827-c550d47d361b,e17faa968e38c7fc622349840d4b5f9f8cdbaafdefb4ec8af883a59d9b245b4b,c550d47d361b1fb3574d89de9ef6f0c1d53bd05125f7cbf85ca0c2b6a8c5e808,c4e299991ac26335258c6b0e19c85674b45cdae6e2ff1eaa1b6f0d283bf44b2c,2026-08-31T16:40:40+09:00,B,fixed_3_year_window,reduced,citations within 3 years of publication (c2_early),2018-2021,2023,P_valid_2023,outcome relabelled on a fixed window; same average-rank tie convention,2300,569,1731,0.24739130434782608,roc_auc,0.6873369822902737,0.6630778528304082,0.7133432616182838,1000,1000,42
REV1-20260827-c550d47d361b,e17faa968e38c7fc622349840d4b5f9f8cdbaafdefb4ec8af883a59d9b245b4b,c550d47d361b1fb3574d89de9ef6f0c1d53bd05125f7cbf85ca0c2b6a8c5e808,c4e299991ac26335258c6b0e19c85674b45cdae6e2ff1eaa1b6f0d283bf44b2c,2026-08-31T16:40:40+09:00,B,fixed_3_year_window,reduced,citations within 3 years of publication (c2_early),2018-2021,2023,P_valid_2023,outcome relabelled on a fixed window; same average-rank tie convention,2300,569,1731,0.24739130434782608,pr_auc,0.42954606884632296,0.38767954208780253,0.4786201903880132,1000,1000,42
REV1-20260827-c550d47d361b,e17faa968e38c7fc622349840d4b5f9f8cdbaafdefb4ec8af883a59d9b245b4b,c550d47d361b1fb3574d89de9ef6f0c1d53bd05125f7cbf85ca0c2b6a8c5e808,c4e299991ac26335258c6b0e19c85674b45cdae6e2ff1eaa1b6f0d283bf44b2c,2026-08-31T16:40:40+09:00,B,fixed_3_year_window,reduced,citations within 3 years of publication (c2_early),2018-2021,2023,P_valid_2023,outcome relabelled on a fixed window; same average-rank tie convention,2300,569,1731,0.24739130434782608,brier_score,0.17053903080467303,0.16257005939047964,0.1789174647316611,1000,1000,42
REV1-20260827-c550d47d361b,e17faa968e38c7fc622349840d4b5f9f8cdbaafdefb4ec8af883a59d9b245b4b,c550d47d361b1fb3574d89de9ef6f0c1d53bd05125f7cbf85ca0c2b6a8c5e808,c4e299991ac26335258c6b0e19c85674b45cdae6e2ff1eaa1b6f0d283bf44b2c,2026-08-31T16:40:40+09:00,B,fixed_3_year_window,reduced,citations within 3 years of publication (c2_early),2018-2021,2023,P_valid_2023,outcome relabelled on a fixed window; same average-rank tie convention,2300,569,1731,0.24739130434782608,calibration_slope,1.2883356967376687,1.0856873691080842,1.5077137506524978,1000,1000,42
REV1-20260827-c550d47d361b,e17faa968e38c7fc622349840d4b5f9f8cdbaafdefb4ec8af883a59d9b245b4b,c550d47d361b1fb3574d89de9ef6f0c1d53bd05125f7cbf85ca0c2b6a8c5e808,c4e299991ac26335258c6b0e19c85674b45cdae6e2ff1eaa1b6f0d283bf44b2c,2026-08-31T16:40:40+09:00,B,fixed_3_year_window,reduced,citations within 3 years of publication (c2_early),2018-2021,2023,P_valid_2023,outcome relabelled on a fixed window; same average-rank tie convention,2300,569,1731,0.24739130434782608,calibration_in_the_large,-0.10462705213431991,-0.20040694780914456,-0.007874455859319606,1000,1000,42
REV1-20260827-c550d47d361b,e17faa968e38c7fc622349840d4b5f9f8cdbaafdefb4ec8af883a59d9b245b4b,c550d47d361b1fb3574d89de9ef6f0c1d53bd05125f7cbf85ca0c2b6a8c5e808,c4e299991ac26335258c6b0e19c85674b45cdae6e2ff1eaa1b6f0d283bf44b2c,2026-08-31T16:40:40+09:00,B,fixed_3_year_window,label_agreement,cumulative vs fixed 3-year window,,2022,P_valid_2022,proportion of articles receiving the same label under both definitions,2074,529,1545,0.2550626808100289,label_agreement,0.9276759884281581,,,0,0,42
REV1-20260827-c550d47d361b,e17faa968e38c7fc622349840d4b5f9f8cdbaafdefb4ec8af883a59d9b245b4b,c550d47d361b1fb3574d89de9ef6f0c1d53bd05125f7cbf85ca0c2b6a8c5e808,c4e299991ac26335258c6b0e19c85674b45cdae6e2ff1eaa1b6f0d283bf44b2c,2026-08-31T16:40:40+09:00,B,fixed_3_year_window,label_agreement,cumulative vs fixed 3-year window,,2023,P_valid_2023,proportion of articles receiving the same label under both definitions,2300,572,1728,0.24869565217391304,label_agreement,0.9595652173913043,,,0,0,42
REV1-20260827-c550d47d361b,e17faa968e38c7fc622349840d4b5f9f8cdbaafdefb4ec8af883a59d9b245b4b,c550d47d361b1fb3574d89de9ef6f0c1d53bd05125f7cbf85ca0c2b6a8c5e808,c4e299991ac26335258c6b0e19c85674b45cdae6e2ff1eaa1b6f0d283bf44b2c,2026-08-31T16:40:40+09:00,A,original_articles_only,reduced,cumulative citations,2018-2021 original articles,2022,P_valid_2022_original_articles,reviews excluded from training and validation; restores submitted Supplementary Table S4 on the locked reduced set,1786,161,1625,0.09014557670772676,roc_auc,0.8058671763019589,0.7699282518102255,0.839702846156993,1000,1000,42
REV1-20260827-c550d47d361b,e17faa968e38c7fc622349840d4b5f9f8cdbaafdefb4ec8af883a59d9b245b4b,c550d47d361b1fb3574d89de9ef6f0c1d53bd05125f7cbf85ca0c2b6a8c5e808,c4e299991ac26335258c6b0e19c85674b45cdae6e2ff1eaa1b6f0d283bf44b2c,2026-08-31T16:40:40+09:00,A,original_articles_only,reduced,cumulative citations,2018-2021 original articles,2022,P_valid_2022_original_articles,reviews excluded from training and validation; restores submitted Supplementary Table S4 on the locked reduced set,1786,161,1625,0.09014557670772676,pr_auc,0.3354435533097831,0.26980899436490724,0.41897620823589066,1000,1000,42
REV1-20260827-c550d47d361b,e17faa968e38c7fc622349840d4b5f9f8cdbaafdefb4ec8af883a59d9b245b4b,c550d47d361b1fb3574d89de9ef6f0c1d53bd05125f7cbf85ca0c2b6a8c5e808,c4e299991ac26335258c6b0e19c85674b45cdae6e2ff1eaa1b6f0d283bf44b2c,2026-08-31T16:40:40+09:00,A,original_articles_only,reduced,cumulative citations,2018-2021 original articles,2022,P_valid_2022_original_articles,reviews excluded from training and validation; restores submitted Supplementary Table S4 on the locked reduced set,1786,161,1625,0.09014557670772676,brier_score,0.07154662496579497,0.06284152989599215,0.08118074138485586,1000,1000,42
REV1-20260827-c550d47d361b,e17faa968e38c7fc622349840d4b5f9f8cdbaafdefb4ec8af883a59d9b245b4b,c550d47d361b1fb3574d89de9ef6f0c1d53bd05125f7cbf85ca0c2b6a8c5e808,c4e299991ac26335258c6b0e19c85674b45cdae6e2ff1eaa1b6f0d283bf44b2c,2026-08-31T16:40:40+09:00,A,original_articles_only,reduced,cumulative citations,2018-2021 original articles,2022,P_valid_2022_original_articles,reviews excluded from training and validation; restores submitted Supplementary Table S4 on the locked reduced set,1786,161,1625,0.09014557670772676,calibration_slope,1.4201147736687785,1.2042173023899199,1.6615589129447217,1000,1000,42
REV1-20260827-c550d47d361b,e17faa968e38c7fc622349840d4b5f9f8cdbaafdefb4ec8af883a59d9b245b4b,c550d47d361b1fb3574d89de9ef6f0c1d53bd05125f7cbf85ca0c2b6a8c5e808,c4e299991ac26335258c6b0e19c85674b45cdae6e2ff1eaa1b6f0d283bf44b2c,2026-08-31T16:40:40+09:00,A,original_articles_only,reduced,cumulative citations,2018-2021 original articles,2022,P_valid_2022_original_articles,reviews excluded from training and validation; restores submitted Supplementary Table S4 on the locked reduced set,1786,161,1625,0.09014557670772676,calibration_in_the_large,0.05612476958416348,-0.10064177406076691,0.21946938748380848,1000,1000,42
REV1-20260827-c550d47d361b,e17faa968e38c7fc622349840d4b5f9f8cdbaafdefb4ec8af883a59d9b245b4b,c550d47d361b1fb3574d89de9ef6f0c1d53bd05125f7cbf85ca0c2b6a8c5e808,c4e299991ac26335258c6b0e19c85674b45cdae6e2ff1eaa1b6f0d283bf44b2c,2026-08-31T16:40:40+09:00,A,original_articles_only,reduced,cumulative citations,2018-2021 original articles,2023,P_valid_2023_original_articles,reviews excluded from training and validation; restores submitted Supplementary Table S4 on the locked reduced set,1986,161,1825,0.081067472306143,roc_auc,0.8002654641368161,0.7654699634608153,0.8306243308381221,1000,1000,42
REV1-20260827-c550d47d361b,e17faa968e38c7fc622349840d4b5f9f8cdbaafdefb4ec8af883a59d9b245b4b,c550d47d361b1fb3574d89de9ef6f0c1d53bd05125f7cbf85ca0c2b6a8c5e808,c4e299991ac26335258c6b0e19c85674b45cdae6e2ff1eaa1b6f0d283bf44b2c,2026-08-31T16:40:40+09:00,A,original_articles_only,reduced,cumulative citations,2018-2021 original articles,2023,P_valid_2023_original_articles,reviews excluded from training and validation; restores submitted Supplementary Table S4 on the locked reduced set,1986,161,1825,0.081067472306143,pr_auc,0.2800890382001897,0.219760071454619,0.34867275365335226,1000,1000,42
REV1-20260827-c550d47d361b,e17faa968e38c7fc622349840d4b5f9f8cdbaafdefb4ec8af883a59d9b245b4b,c550d47d361b1fb3574d89de9ef6f0c1d53bd05125f7cbf85ca0c2b6a8c5e808,c4e299991ac26335258c6b0e19c85674b45cdae6e2ff1eaa1b6f0d283bf44b2c,2026-08-31T16:40:40+09:00,A,original_articles_only,reduced,cumulative citations,2018-2021 original articles,2023,P_valid_2023_original_articles,reviews excluded from training and validation; restores submitted Supplementary Table S4 on the locked reduced set,1986,161,1825,0.081067472306143,brier_score,0.06662443639198921,0.05847283840161243,0.07547666626368504,1000,1000,42
REV1-20260827-c550d47d361b,e17faa968e38c7fc622349840d4b5f9f8cdbaafdefb4ec8af883a59d9b245b4b,c550d47d361b1fb3574d89de9ef6f0c1d53bd05125f7cbf85ca0c2b6a8c5e808,c4e299991ac26335258c6b0e19c85674b45cdae6e2ff1eaa1b6f0d283bf44b2c,2026-08-31T16:40:40+09:00,A,original_articles_only,reduced,cumulative citations,2018-2021 original articles,2023,P_valid_2023_original_articles,reviews excluded from training and validation; restores submitted Supplementary Table S4 on the locked reduced set,1986,161,1825,0.081067472306143,calibration_slope,1.3027451614023893,1.112800740860589,1.5149882355138804,1000,1000,42
REV1-20260827-c550d47d361b,e17faa968e38c7fc622349840d4b5f9f8cdbaafdefb4ec8af883a59d9b245b4b,c550d47d361b1fb3574d89de9ef6f0c1d53bd05125f7cbf85ca0c2b6a8c5e808,c4e299991ac26335258c6b0e19c85674b45cdae6e2ff1eaa1b6f0d283bf44b2c,2026-08-31T16:40:40+09:00,A,original_articles_only,reduced,cumulative citations,2018-2021 original articles,2023,P_valid_2023_original_articles,reviews excluded from training and validation; restores submitted Supplementary Table S4 on the locked reduced set,1986,161,1825,0.081067472306143,calibration_in_the_large,-0.12273786693827406,-0.28700362609561525,0.03332912250667958,1000,1000,42
REV1-20260827-c550d47d361b,e17faa968e38c7fc622349840d4b5f9f8cdbaafdefb4ec8af883a59d9b245b4b,c550d47d361b1fb3574d89de9ef6f0c1d53bd05125f7cbf85ca0c2b6a8c5e808,c4e299991ac26335258c6b0e19c85674b45cdae6e2ff1eaa1b6f0d283bf44b2c,2026-08-31T16:40:40+09:00,A,country_blind,reduced_without_geography,cumulative citations,2018-2021,2022,P_valid_2022,n_countries and is_international removed; has_korea/has_usa were already expanded-only,2074,211,1863,0.1017357762777242,roc_auc,0.7995792344305293,0.7658459771713948,0.828022487837357,1000,1000,42
REV1-20260827-c550d47d361b,e17faa968e38c7fc622349840d4b5f9f8cdbaafdefb4ec8af883a59d9b245b4b,c550d47d361b1fb3574d89de9ef6f0c1d53bd05125f7cbf85ca0c2b6a8c5e808,c4e299991ac26335258c6b0e19c85674b45cdae6e2ff1eaa1b6f0d283bf44b2c,2026-08-31T16:40:40+09:00,A,country_blind,reduced_without_geography,cumulative citations,2018-2021,2022,P_valid_2022,n_countries and is_international removed; has_korea/has_usa were already expanded-only,2074,211,1863,0.1017357762777242,pr_auc,0.31541052832535577,0.2659961582542043,0.38359306072961347,1000,1000,42
REV1-20260827-c550d47d361b,e17faa968e38c7fc622349840d4b5f9f8cdbaafdefb4ec8af883a59d9b245b4b,c550d47d361b1fb3574d89de9ef6f0c1d53bd05125f7cbf85ca0c2b6a8c5e808,c4e299991ac26335258c6b0e19c85674b45cdae6e2ff1eaa1b6f0d283bf44b2c,2026-08-31T16:40:40+09:00,A,country_blind,reduced_without_geography,cumulative citations,2018-2021,2022,P_valid_2022,n_countries and is_international removed; has_korea/has_usa were already expanded-only,2074,211,1863,0.1017357762777242,brier_score,0.08041372243193805,0.07202956432801454,0.08902740375280191,1000,1000,42
REV1-20260827-c550d47d361b,e17faa968e38c7fc622349840d4b5f9f8cdbaafdefb4ec8af883a59d9b245b4b,c550d47d361b1fb3574d89de9ef6f0c1d53bd05125f7cbf85ca0c2b6a8c5e808,c4e299991ac26335258c6b0e19c85674b45cdae6e2ff1eaa1b6f0d283bf44b2c,2026-08-31T16:40:40+09:00,A,country_blind,reduced_without_geography,cumulative citations,2018-2021,2022,P_valid_2022,n_countries and is_international removed; has_korea/has_usa were already expanded-only,2074,211,1863,0.1017357762777242,calibration_slope,1.1902885033421897,1.017048154827678,1.3729869657368388,1000,1000,42
REV1-20260827-c550d47d361b,e17faa968e38c7fc622349840d4b5f9f8cdbaafdefb4ec8af883a59d9b245b4b,c550d47d361b1fb3574d89de9ef6f0c1d53bd05125f7cbf85ca0c2b6a8c5e808,c4e299991ac26335258c6b0e19c85674b45cdae6e2ff1eaa1b6f0d283bf44b2c,2026-08-31T16:40:40+09:00,A,country_blind,reduced_without_geography,cumulative citations,2018-2021,2022,P_valid_2022,n_countries and is_international removed; has_korea/has_usa were already expanded-only,2074,211,1863,0.1017357762777242,calibration_in_the_large,-0.01800819802877863,-0.16521879094360264,0.12369024411502218,1000,1000,42
REV1-20260827-c550d47d361b,e17faa968e38c7fc622349840d4b5f9f8cdbaafdefb4ec8af883a59d9b245b4b,c550d47d361b1fb3574d89de9ef6f0c1d53bd05125f7cbf85ca0c2b6a8c5e808,c4e299991ac26335258c6b0e19c85674b45cdae6e2ff1eaa1b6f0d283bf44b2c,2026-08-31T16:40:40+09:00,A,country_blind,reduced_without_geography,cumulative citations,2018-2021,2023,P_valid_2023,n_countries and is_international removed; has_korea/has_usa were already expanded-only,2300,238,2062,0.10347826086956521,roc_auc,0.8151433706363242,0.7892853413300996,0.842122096703741,1000,1000,42
REV1-20260827-c550d47d361b,e17faa968e38c7fc622349840d4b5f9f8cdbaafdefb4ec8af883a59d9b245b4b,c550d47d361b1fb3574d89de9ef6f0c1d53bd05125f7cbf85ca0c2b6a8c5e808,c4e299991ac26335258c6b0e19c85674b45cdae6e2ff1eaa1b6f0d283bf44b2c,2026-08-31T16:40:40+09:00,A,country_blind,reduced_without_geography,cumulative citations,2018-2021,2023,P_valid_2023,n_countries and is_international removed; has_korea/has_usa were already expanded-only,2300,238,2062,0.10347826086956521,pr_auc,0.38089814479449163,0.32279834414088604,0.45107913370401914,1000,1000,42
REV1-20260827-c550d47d361b,e17faa968e38c7fc622349840d4b5f9f8cdbaafdefb4ec8af883a59d9b245b4b,c550d47d361b1fb3574d89de9ef6f0c1d53bd05125f7cbf85ca0c2b6a8c5e808,c4e299991ac26335258c6b0e19c85674b45cdae6e2ff1eaa1b6f0d283bf44b2c,2026-08-31T16:40:40+09:00,A,country_blind,reduced_without_geography,cumulative citations,2018-2021,2023,P_valid_2023,n_countries and is_international removed; has_korea/has_usa were already expanded-only,2300,238,2062,0.10347826086956521,brier_score,0.07825342149352137,0.07020345762237364,0.08661270732233808,1000,1000,42
REV1-20260827-c550d47d361b,e17faa968e38c7fc622349840d4b5f9f8cdbaafdefb4ec8af883a59d9b245b4b,c550d47d361b1fb3574d89de9ef6f0c1d53bd05125f7cbf85ca0c2b6a8c5e808,c4e299991ac26335258c6b0e19c85674b45cdae6e2ff1eaa1b6f0d283bf44b2c,2026-08-31T16:40:40+09:00,A,country_blind,reduced_without_geography,cumulative citations,2018-2021,2023,P_valid_2023,n_countries and is_international removed; has_korea/has_usa were already expanded-only,2300,238,2062,0.10347826086956521,calibration_slope,1.3879256347864568,1.2260872860857988,1.5842251923438475,1000,1000,42
REV1-20260827-c550d47d361b,e17faa968e38c7fc622349840d4b5f9f8cdbaafdefb4ec8af883a59d9b245b4b,c550d47d361b1fb3574d89de9ef6f0c1d53bd05125f7cbf85ca0c2b6a8c5e808,c4e299991ac26335258c6b0e19c85674b45cdae6e2ff1eaa1b6f0d283bf44b2c,2026-08-31T16:40:40+09:00,A,country_blind,reduced_without_geography,cumulative citations,2018-2021,2023,P_valid_2023,n_countries and is_international removed; has_korea/has_usa were already expanded-only,2300,238,2062,0.10347826086956521,calibration_in_the_large,-0.03113706822666187,-0.17598227239345512,0.09996675260987103,1000,1000,42
REV1-20260827-c550d47d361b,e17faa968e38c7fc622349840d4b5f9f8cdbaafdefb4ec8af883a59d9b245b4b,c550d47d361b1fb3574d89de9ef6f0c1d53bd05125f7cbf85ca0c2b6a8c5e808,c4e299991ac26335258c6b0e19c85674b45cdae6e2ff1eaa1b6f0d283bf44b2c,2026-08-31T16:40:40+09:00,A,fixed_3_year_window,reduced,citations within 3 years of publication (c2_early),2018-2021,2022,P_valid_2022,outcome relabelled on a fixed window; same average-rank tie convention,2074,222,1852,0.10703953712632594,roc_auc,0.7638929426186446,0.7323804371306968,0.7946250847268195,1000,1000,42
REV1-20260827-c550d47d361b,e17faa968e38c7fc622349840d4b5f9f8cdbaafdefb4ec8af883a59d9b245b4b,c550d47d361b1fb3574d89de9ef6f0c1d53bd05125f7cbf85ca0c2b6a8c5e808,c4e299991ac26335258c6b0e19c85674b45cdae6e2ff1eaa1b6f0d283bf44b2c,2026-08-31T16:40:40+09:00,A,fixed_3_year_window,reduced,citations within 3 years of publication (c2_early),2018-2021,2022,P_valid_2022,outcome relabelled on a fixed window; same average-rank tie convention,2074,222,1852,0.10703953712632594,pr_auc,0.2976240451246264,0.24519681488455838,0.35876613029584814,1000,1000,42
REV1-20260827-c550d47d361b,e17faa968e38c7fc622349840d4b5f9f8cdbaafdefb4ec8af883a59d9b245b4b,c550d47d361b1fb3574d89de9ef6f0c1d53bd05125f7cbf85ca0c2b6a8c5e808,c4e299991ac26335258c6b0e19c85674b45cdae6e2ff1eaa1b6f0d283bf44b2c,2026-08-31T16:40:40+09:00,A,fixed_3_year_window,reduced,citations within 3 years of publication (c2_early),2018-2021,2022,P_valid_2022,outcome relabelled on a fixed window; same average-rank tie convention,2074,222,1852,0.10703953712632594,brier_score,0.08592861138537859,0.07683281749285172,0.0956876594719149,1000,1000,42
REV1-20260827-c550d47d361b,e17faa968e38c7fc622349840d4b5f9f8cdbaafdefb4ec8af883a59d9b245b4b,c550d47d361b1fb3574d89de9ef6f0c1d53bd05125f7cbf85ca0c2b6a8c5e808,c4e299991ac26335258c6b0e19c85674b45cdae6e2ff1eaa1b6f0d283bf44b2c,2026-08-31T16:40:40+09:00,A,fixed_3_year_window,reduced,citations within 3 years of publication (c2_early),2018-2021,2022,P_valid_2022,outcome relabelled on a fixed window; same average-rank tie convention,2074,222,1852,0.10703953712632594,calibration_slope,1.1416703583007608,0.9743792127781541,1.3272414798536607,1000,1000,42
REV1-20260827-c550d47d361b,e17faa968e38c7fc622349840d4b5f9f8cdbaafdefb4ec8af883a59d9b245b4b,c550d47d361b1fb3574d89de9ef6f0c1d53bd05125f7cbf85ca0c2b6a8c5e808,c4e299991ac26335258c6b0e19c85674b45cdae6e2ff1eaa1b6f0d283bf44b2c,2026-08-31T16:40:40+09:00,A,fixed_3_year_window,reduced,citations within 3 years of publication (c2_early),2018-2021,2022,P_valid_2022,outcome relabelled on a fixed window; same average-rank tie convention,2074,222,1852,0.10703953712632594,calibration_in_the_large,-0.02903632943680141,-0.18514962613178787,0.11622767113737,1000,1000,42
REV1-20260827-c550d47d361b,e17faa968e38c7fc622349840d4b5f9f8cdbaafdefb4ec8af883a59d9b245b4b,c550d47d361b1fb3574d89de9ef6f0c1d53bd05125f7cbf85ca0c2b6a8c5e808,c4e299991ac26335258c6b0e19c85674b45cdae6e2ff1eaa1b6f0d283bf44b2c,2026-08-31T16:40:40+09:00,A,fixed_3_year_window,reduced,citations within 3 years of publication (c2_early),2018-2021,2023,P_valid_2023,outcome relabelled on a fixed window; same average-rank tie convention,2300,226,2074,0.09826086956521739,roc_auc,0.7911180140125106,0.759024610607231,0.8251941600909931,1000,1000,42
REV1-20260827-c550d47d361b,e17faa968e38c7fc622349840d4b5f9f8cdbaafdefb4ec8af883a59d9b245b4b,c550d47d361b1fb3574d89de9ef6f0c1d53bd05125f7cbf85ca0c2b6a8c5e808,c4e299991ac26335258c6b0e19c85674b45cdae6e2ff1eaa1b6f0d283bf44b2c,2026-08-31T16:40:40+09:00,A,fixed_3_year_window,reduced,citations within 3 years of publication (c2_early),2018-2021,2023,P_valid_2023,outcome relabelled on a fixed window; same average-rank tie convention,2300,226,2074,0.09826086956521739,pr_auc,0.3524506813311441,0.2934487128074643,0.4238315524791994,1000,1000,42
REV1-20260827-c550d47d361b,e17faa968e38c7fc622349840d4b5f9f8cdbaafdefb4ec8af883a59d9b245b4b,c550d47d361b1fb3574d89de9ef6f0c1d53bd05125f7cbf85ca0c2b6a8c5e808,c4e299991ac26335258c6b0e19c85674b45cdae6e2ff1eaa1b6f0d283bf44b2c,2026-08-31T16:40:40+09:00,A,fixed_3_year_window,reduced,citations within 3 years of publication (c2_early),2018-2021,2023,P_valid_2023,outcome relabelled on a fixed window; same average-rank tie convention,2300,226,2074,0.09826086956521739,brier_score,0.07659654774043889,0.06881536648094878,0.08489706986839196,1000,1000,42
REV1-20260827-c550d47d361b,e17faa968e38c7fc622349840d4b5f9f8cdbaafdefb4ec8af883a59d9b245b4b,c550d47d361b1fb3574d89de9ef6f0c1d53bd05125f7cbf85ca0c2b6a8c5e808,c4e299991ac26335258c6b0e19c85674b45cdae6e2ff1eaa1b6f0d283bf44b2c,2026-08-31T16:40:40+09:00,A,fixed_3_year_window,reduced,citations within 3 years of publication (c2_early),2018-2021,2023,P_valid_2023,outcome relabelled on a fixed window; same average-rank tie convention,2300,226,2074,0.09826086956521739,calibration_slope,1.3564050960247747,1.1698710316003758,1.5811523066986193,1000,1000,42
REV1-20260827-c550d47d361b,e17faa968e38c7fc622349840d4b5f9f8cdbaafdefb4ec8af883a59d9b245b4b,c550d47d361b1fb3574d89de9ef6f0c1d53bd05125f7cbf85ca0c2b6a8c5e808,c4e299991ac26335258c6b0e19c85674b45cdae6e2ff1eaa1b6f0d283bf44b2c,2026-08-31T16:40:40+09:00,A,fixed_3_year_window,reduced,citations within 3 years of publication (c2_early),2018-2021,2023,P_valid_2023,outcome relabelled on a fixed window; same average-rank tie convention,2300,226,2074,0.09826086956521739,calibration_in_the_large,-0.1650703532806309,-0.31192028821595164,-0.026801570067714806,1000,1000,42
REV1-20260827-c550d47d361b,e17faa968e38c7fc622349840d4b5f9f8cdbaafdefb4ec8af883a59d9b245b4b,c550d47d361b1fb3574d89de9ef6f0c1d53bd05125f7cbf85ca0c2b6a8c5e808,c4e299991ac26335258c6b0e19c85674b45cdae6e2ff1eaa1b6f0d283bf44b2c,2026-08-31T16:40:40+09:00,A,fixed_3_year_window,label_agreement,cumulative vs fixed 3-year window,,2022,P_valid_2022,proportion of articles receiving the same label under both definitions,2074,211,1863,0.1017357762777242,label_agreement,0.9628736740597879,,,0,0,42
REV1-20260827-c550d47d361b,e17faa968e38c7fc622349840d4b5f9f8cdbaafdefb4ec8af883a59d9b245b4b,c550d47d361b1fb3574d89de9ef6f0c1d53bd05125f7cbf85ca0c2b6a8c5e808,c4e299991ac26335258c6b0e19c85674b45cdae6e2ff1eaa1b6f0d283bf44b2c,2026-08-31T16:40:40+09:00,A,fixed_3_year_window,label_agreement,cumulative vs fixed 3-year window,,2023,P_valid_2023,proportion of articles receiving the same label under both definitions,2300,238,2062,0.10347826086956521,label_agreement,0.9808695652173913,,,0,0,42
